,영업 시간,가게명,가게 주소,업종,이미지url,카카오 url,별점,예측별점평균
297,화~일 12:00 ~ 20:30,람바다 본점,광주 북구 갈마로 57 (우)61161,회,'//t1.kakaocdn.net/thumb/T800x0.q80/?fname=http%3A%2F%2Ft1.daumcdn.net%2Fplace%2F2CF409FD70374A3E85A3ACC5F93CE02B',https://place.map.kakao.com/7865114,3.8,3.7
142,매일 11:30 ~ 20:30,행복한임금님 수완점,광주 광산구 왕버들로 113-2 (우)62245,퓨전한식,'//t1.kakaocdn.net/thumb/T800x0.q80/?fname=http%3A%2F%2Ft1.daumcdn.net%2Fplace%2F98204F3418C1406DA62FB3DEE508CC08',https://place.map.kakao.com/19188946,2.875,3.625
154,매일 16:00 ~ 23:00,식당미생 상무점,광주 서구 상무평화로 101 1층 (우)61963,삼겹살,'//t1.kakaocdn.net/thumb/T800x0.q80/?fname=http%3A%2F%2Ft1.daumcdn.net%2Fplace%2F51ACBF13D91F4949BD592F8CF58886BE',https://place.map.kakao.com/1656245763,4.875,3.625
209,화~일 11:30 ~ 20:30,그라제1985,광주 남구 오기원길 20-4 1층 (우)61662,양식,'//t1.kakaocdn.net/thumb/T800x0.q80/?fname=http%3A%2F%2Ft1.kakaocdn.net%2Ffiy_reboot%2Fplace%2FC16E53FE3AFB4F38948821E806969A87',https://place.map.kakao.com/2086527784,4.4,3.6
130,월~토 17:00 ~ 00:30,팔팔소곱창,광주 서구 상무화원로32번길 29-9 (우)61961,"곱창,막창",'//t1.kakaocdn.net/thumb/T800x0.q80/?fname=http%3A%2F%2Ft1.daumcdn.net%2Fplace%2F3E5D11FDCBAC4837910F2B3128C43246',https://place.map.kakao.com/23258606,4.529411764705882,3.5294117647058822
131,월~토 17:00 ~ 24:00,팔팔소곱창,광주 광산구 임방울대로332번길 9-14 1층 (우)62306,"곱창,막창",'//t1.kakaocdn.net/thumb/T800x0.q80/?fname=http%3A%2F%2Ft1.daumcdn.net%2Fplace%2FA29824963FC842D19527B25626749A46',https://place.map.kakao.com/81331642,4.529411764705882,3.5294117647058822
299,매일 12:00 ~ 24:00,숙성도 광주점,광주 광산구 임방울대로800번길 71 아크레타첨단 1층 (우)62277,"육류,고기",'//t1.kakaocdn.net/thumb/T800x0.q80/?fname=http%3A%2F%2Ft1.kakaocdn.net%2Ffiy_reboot%2Fplace%2F5DAA333A450B4516AAFECA3B4405539C',https://place.map.kakao.com/1756144563,3.5555555555555554,3.4444444444444446
184,매일 11:30 ~ 22:00,아웃백스테이크하우스 광주광천점,광주 서구 죽봉대로 68 다나메디컬센터 2층 (우)61932,아웃백스테이크하우스,'//t1.kakaocdn.net/thumb/T800x0.q80/?fname=http%3A%2F%2Ft1.daumcdn.net%2Fplace%2F38159F3517EB4DE5B0CD7692208C4B61',https://place.map.kakao.com/21657434,3.125,3.4166666666666665
57,매일 11:30 ~ 21:30,백년미가 유촌점,광주 서구 유덕로28번길 18 (우)61901,한정식,'//t1.kakaocdn.net/thumb/T800x0.q80/?fname=http%3A%2F%2Ft1.daumcdn.net%2Fplace%2FC6034FD4CEA44B0C9A8BA0FCB4841196',https://place.map.kakao.com/26513803,2.5384615384615383,3.3846153846153846
274,매일 11:30 ~ 22:00,광양숯불구이 상무본점,광주 서구 상무대로867번길 23 (우)61965,"육류,고기",'//t1.kakaocdn.net/thumb/T800x0.q80/?fname=http%3A%2F%2Ft1.daumcdn.net%2Flocalfiy%2F58F9AE7C48B84890BD42AF578CCFD91F',https://place.map.kakao.com/11530675,2.0,3.3333333333333335
301,매일 16:00 ~ 04:00,리비어밤코,광주 서구 시청로 27 광명메이루즈 테라스가든 1층 119호 (우)61963,"호프,요리주점",'//t1.kakaocdn.net/thumb/T800x0.q80/?fname=http%3A%2F%2Ft1.daumcdn.net%2Fplace%2FEC818A16FB674FA4B2874C043FDB7195',https://place.map.kakao.com/11458956,4.0,3.3333333333333335
52,매일 11:00 ~ 24:00,강태공,광주 서구 상무중앙로78번길 5-6 1층 (우)61949,회,'//t1.kakaocdn.net/thumb/T800x0.q80/?fname=http%3A%2F%2Ft1.daumcdn.net%2Fplace%2FEE6847FEC94549B183EF26CFE9405B49',https://place.map.kakao.com/1374858055,1.0,3.3333333333333335
269,매일 09:00 ~ 23:00,아필코 드메르점,광주 광산구 임방울대로 549 드메르웨딩홀 1층 (우)62244,카페,'//t1.kakaocdn.net/thumb/T800x0.q80/?fname=http%3A%2F%2Ft1.daumcdn.net%2Fplace%2FB57017A255E24F6986BA276966A572A7',https://place.map.kakao.com/473110129,2.0,3.3333333333333335
0,매일 11:00 ~ 22:00,상무초밥 상무점,광주 서구 운천로 253 1층 106호 (우)61948,"초밥,롤",'//t1.kakaocdn.net/thumb/T800x0.q80/?fname=http%3A%2F%2Ft1.daumcdn.net%2Flocalfiy%2F0EEDA46245DE4EECBB07C0A91536FBD7',https://place.map.kakao.com/1579058409,3.9655172413793105,3.32183908045977
126,매일 11:30 ~ 21:30(21:00 까지 입장가능),돈페 수완점,광주 광산구 풍영로200번길 81 (우)62225,"돈까스,우동",'//t1.kakaocdn.net/thumb/T800x0.q80/?fname=http%3A%2F%2Ft1.daumcdn.net%2Fplace%2FED26C58E3D0F4B08BC5226411BF7F52E',https://place.map.kakao.com/22014964,3.125,3.25
60,월~목 17:00 ~ 24:00,황톳길 본점,광주 동구 동명로26번길 5-1 (우)61434,한식,'//t1.kakaocdn.net/thumb/T800x0.q80/?fname=http%3A%2F%2Ft1.daumcdn.net%2Fplace%2F8F82B215508F4CE6B434EC388B89F42F',https://place.map.kakao.com/12958056,4.25,3.25
222,매일 11:30 ~ 22:00,수진초밥,광주 북구 첨단연신로108번길 83 1층 (우)61085,"초밥,롤",'//t1.kakaocdn.net/thumb/T800x0.q80/?fname=http%3A%2F%2Ft1.daumcdn.net%2Fplace%2FE8468A551D8347B0877725691E80CBD6',https://place.map.kakao.com/25448826,4.388888888888889,3.2222222222222223
296,수 12:00 ~ 18:00,화이트셔츠커피,광주 서구 월드컵4강로182번길 21 지하1층 (우)61976,커피전문점,'//t1.kakaocdn.net/thumb/T800x0.q80/?fname=http%3A%2F%2Ft1.daumcdn.net%2Flocalfiy%2Fsearchregister_1547575460',https://place.map.kakao.com/26818387,4.84375,3.21875
270,"첫째,셋째 일요일                                                                                    ",호남수산,광주 서구 운천로 103 (우)62002,회,'//t1.kakaocdn.net/thumb/T800x0.q80/?fname=http%3A%2F%2Ft1.daumcdn.net%2Fplace%2F91CA41CB3AEE4E6C97F1D03B02FCAB33',https://place.map.kakao.com/26905299,3.4,3.2
249,매일 10:00 ~ 22:00,문서방기운센풍천장어 수완본점,광주 광산구 임방울대로216번길 6-9 (우)62321,장어,'//t1.kakaocdn.net/thumb/T800x0.q80/?fname=http%3A%2F%2Ft1.daumcdn.net%2Fplace%2F252815390EB2499DAC7A136F75FE5793',https://place.map.kakao.com/26543338,3.6,3.2
43,화~일 11:00 ~ 18:00,남쪽마을돌짜장,광주 광산구 임곡로 523-7 (우)62463,중국요리,'//t1.kakaocdn.net/thumb/T800x0.q80/?fname=http%3A%2F%2Ft1.daumcdn.net%2Flocalfiy%2FD4E00132469848EBBA300E8D1BE25AB7',https://place.map.kakao.com/432452313,4.36,3.2
284,"월,금요일                                                                                    ",뽀뽀통닭,광주 광산구 내상로15번길 86 1층 (우)62422,치킨,'//t1.kakaocdn.net/thumb/T800x0.q80/?fname=http%3A%2F%2Ft1.daumcdn.net%2Fplace%2F0D0457C0552E48C0A4D5BB42947C7082',https://place.map.kakao.com/21243883,3.9375,3.1875
275,월~토 10:00 ~ 24:00,낭만공작소,광주 서구 상무누리로 22 1층 (우)61960,카페,'//t1.kakaocdn.net/thumb/T800x0.q80/?fname=http%3A%2F%2Ft1.daumcdn.net%2Fplace%2FC5F3EC03CE574316A23C9FF108170995',https://place.map.kakao.com/22874618,3.3529411764705883,3.176470588235294
291,매일 11:30 ~ 21:30,노대장어,광주 남구 효덕로 122 2층 (우)61747,장어,'//t1.kakaocdn.net/thumb/T800x0.q80/?fname=http%3A%2F%2Ft1.daumcdn.net%2Flocalfiy%2F9F2F9DD968164797914777F04EEE7534',https://place.map.kakao.com/979999304,2.8333333333333335,3.1666666666666665
128,"월,화,수,목,일 17:00 ~ 00:30",육층집,광주 동구 문화전당로35번길 16-4 6층 (우)61487,"육류,고기",'//t1.kakaocdn.net/thumb/T800x0.q80/?fname=http%3A%2F%2Ft1.daumcdn.net%2Fplace%2F6164E9A881264C31A4715C548B1DEE18',https://place.map.kakao.com/356332807,4.769230769230769,3.1538461538461537
252,월~토 16:00 ~ 24:00,제주돈사촌,광주 북구 저불로 24 1층 (우)61111,삼겹살,'//t1.kakaocdn.net/thumb/T800x0.q80/?fname=http%3A%2F%2Ft1.daumcdn.net%2Fplace%2F795A14519A0C47638C34C0611CA2746D',https://place.map.kakao.com/12689524,4.538461538461538,3.1538461538461537
231,월~토 11:30 ~ 21:30,대광식당,광주 서구 상무대로695번길 15 1층 (우)61955,한식,'//t1.kakaocdn.net/thumb/T800x0.q80/?fname=http%3A%2F%2Ft1.daumcdn.net%2Fplace%2FF13ED616F65F4998AC61E8F13A542E40',https://place.map.kakao.com/7815872,2.5294117647058822,3.1470588235294117
300,매일 15:00 ~ 02:00,탭하우스60,광주 서구 상무중앙로34번길 6 1층 (우)61963,"호프,요리주점",'//t1.kakaocdn.net/thumb/T800x0.q80/?fname=http%3A%2F%2Ft1.daumcdn.net%2Fplace%2F6537E011B8644FF184BEC33B88F672D7',https://place.map.kakao.com/349690372,3.4285714285714284,3.142857142857143
69,매일 11:30 ~ 22:00,하남목장,광주 광산구 사암로216번길 10-15 (우)62355,"육류,고기",'//t1.kakaocdn.net/thumb/T800x0.q80/?fname=http%3A%2F%2Ft1.daumcdn.net%2Flocalfiy%2FD1FBEA6E329D48DD8FD290C04A46F1B9',https://place.map.kakao.com/902274375,3.75,3.125
257,"월,화,수,목,일 11:30 ~ 22:30",산쪼메 광주상무점,광주 서구 시청로60번길 19 (우)61948,일본식라면,'//t1.kakaocdn.net/thumb/T800x0.q80/?fname=http%3A%2F%2Ft1.daumcdn.net%2Fplace%2FDC0C4CB7A77748A68F36ABE3DA5BE702',https://place.map.kakao.com/26942822,3.6842105263157894,3.1052631578947367
211,매일 11:00 ~ 22:00,게더링,광주 동구 동계천로 168 (우)61436,커피전문점,'//t1.kakaocdn.net/thumb/T800x0.q80/?fname=http%3A%2F%2Ft1.daumcdn.net%2Fplace%2FC800DDEAC1AA4B3488D46D8EDFC6BC0D',https://place.map.kakao.com/1548478988,2.210526315789474,3.1052631578947367
206,수요일                                                                                    ,분포나인,광주 남구 백서로 39 (우)61643,베트남음식,'//t1.kakaocdn.net/thumb/T800x0.q80/?fname=http%3A%2F%2Ft1.daumcdn.net%2Fplace%2F6082906909134CE8A686CF51512FFAA0',https://place.map.kakao.com/456714920,4.173913043478261,3.0869565217391304
273,매일 09:00 ~ 21:30,자리봉국밥 수완직영점,광주 광산구 장신로20번길 10 (우)62226,국밥,'//t1.kakaocdn.net/thumb/T800x0.q80/?fname=http%3A%2F%2Ft1.kakaocdn.net%2Fmystore%2F847306161D354E4598B0534F7E52D178',https://place.map.kakao.com/737039275,4.833333333333333,3.0833333333333335
267,"월,화,수,금 11:00 ~ 20:30",서진주한정식,광주 북구 석곡로 630 1층 (우)61140,한정식,'//t1.kakaocdn.net/thumb/T800x0.q80/?fname=http%3A%2F%2Ft1.kakaocdn.net%2Fmystore%2F21E55275A4B34AE4AB59297F054070BF',https://place.map.kakao.com/13267213,3.96,3.08
68,매일 11:30 ~ 24:00,여수회수산,광주 광산구 풍영로 95 (우)62234,회,'//t1.kakaocdn.net/thumb/T800x0.q80/?fname=http%3A%2F%2Ft1.daumcdn.net%2Fplace%2F6515DA17E46041B78E92FD2F78AB3C5A',https://place.map.kakao.com/26405591,2.5714285714285716,3.0714285714285716
120,매일 00:00 ~ 24:00,서울깍두기 상무점,광주 서구 상무시민로 97-6 (우)61947,설렁탕,'//t1.kakaocdn.net/thumb/T800x0.q80/?fname=http%3A%2F%2Ft1.kakaocdn.net%2Fmystore%2F5DF5CD9B01F545E883EC9C435F078039',https://place.map.kakao.com/17382332,4.535714285714286,3.0714285714285716
215,매일 12:00 ~ 02:00,새벽달 본점,광주 동구 장동로 11 (우)61436,중국요리,'//t1.kakaocdn.net/thumb/T800x0.q80/?fname=http%3A%2F%2Ft1.daumcdn.net%2Fplace%2F2256C4C5CC99433E85B754A4B1C86626',https://place.map.kakao.com/101970182,3.5588235294117645,3.0588235294117645
204,화~일 11:30 ~ 21:30,하원재,광주 남구 제중로47번길 11 1층 (우)61643,카페,'//t1.kakaocdn.net/thumb/T800x0.q80/?fname=http%3A%2F%2Ft1.daumcdn.net%2Fplace%2F215D198A2B8447E3B8FC3FD5E60F1DFB',https://place.map.kakao.com/2022745656,4.529411764705882,3.0588235294117645
19,매일 11:00 ~ 21:00,열도지,광주 동구 제봉로82번길 17 (우)61465,중국요리,'//t1.kakaocdn.net/thumb/T800x0.q80/?fname=http%3A%2F%2Ft1.daumcdn.net%2Fplace%2F456BEDCC8D2847DCA823DDD8A2BD6C06',https://place.map.kakao.com/451615583,4.265625,3.046875
144,매일 11:00 ~ 21:00,퍼땀 봉선점,광주 남구 용대로53번길 2-14 1층 (우)61705,베트남음식,'//t1.kakaocdn.net/thumb/T800x0.q80/?fname=http%3A%2F%2Ft1.kakaocdn.net%2Ffiy_reboot%2Fplace%2FE579A52793CA4197B8DFD64D716DEBCD',https://place.map.kakao.com/945750134,3.130434782608696,3.0434782608695654
121,매일 10:00 ~ 22:00,화정떡갈비,광주 광산구 광산로29번길 6 (우)62430,갈비,'//t1.kakaocdn.net/thumb/T800x0.q80/?fname=http%3A%2F%2Ft1.daumcdn.net%2Fplace%2F4CC31054A2364807BDAC583D45013F86',https://place.map.kakao.com/8171788,2.5185185185185186,3.037037037037037
205,매일 11:30 ~ 22:00,김상태해물왕국,광주 광산구 수등로 297 (우)62294,"해물,생선",'//t1.kakaocdn.net/thumb/T800x0.q80/?fname=http%3A%2F%2Ft1.daumcdn.net%2Fplace%2FBD12202291B047949DEFE09A7F23818C',https://place.map.kakao.com/379365794,4.419354838709677,3.032258064516129
145,화~일 11:30 ~ 22:00,친츠,광주 서구 상무누리로 15 2층 (우)61955,아시아음식,'//t1.kakaocdn.net/thumb/T800x0.q80/?fname=http%3A%2F%2Ft1.daumcdn.net%2Fplace%2FF1D2FA5399574963AD41530051C9DCE9',https://place.map.kakao.com/1410858936,3.696969696969697,3.0303030303030303
303,매일 16:00 ~ 24:00(재료 소진시까지 ),깐깐한족발 수완직영점,광주 광산구 수완로 44 (우)62305,"족발,보쌈",'//t1.kakaocdn.net/thumb/T800x0.q80/?fname=http%3A%2F%2Ft1.daumcdn.net%2Fplace%2F24831E84D1FA447D8D68857E110D18A1',https://place.map.kakao.com/1791191213,4.676470588235294,3.0294117647058822
134,수요일                                                                                    ,돈까스만드는남자 비엔날레본점,광주 북구 비엔날레로 134 용산빌딩 3층 (우)61107,"돈까스,우동",'//t1.kakaocdn.net/thumb/T800x0.q80/?fname=http%3A%2F%2Ft1.daumcdn.net%2Fplace%2F26AA0D0E935C48AC8161434B4B9E01CA',https://place.map.kakao.com/27559913,3.111111111111111,3.0
177,매일 10:00 ~ 02:00,상지파크,광주 서구 상무중앙로72번길 8 (우)61949,카페,'//t1.kakaocdn.net/thumb/T800x0.q80/?fname=http%3A%2F%2Ft1.daumcdn.net%2Fplace%2FFEE7D3E7C87E4F4E87D1F9D8999EDFCA',https://place.map.kakao.com/218893449,3.857142857142857,3.0
305,화~토 11:00 ~ 22:00,아코다초코,광주 서구 화정로153번길 12 1층 (우)61986,카페,'//t1.kakaocdn.net/thumb/T800x0.q80/?fname=http%3A%2F%2Ft1.daumcdn.net%2Fplace%2FCB9EC733F6C5438D9B8969EA92D5434E',https://place.map.kakao.com/17972072,4.75,3.0
89,매일 11:30 ~ 22:00,진도예가,광주 서구 마륵복개로 53-1 (우)61999,한정식,'//t1.kakaocdn.net/thumb/T800x0.q80/?fname=http%3A%2F%2Ft1.daumcdn.net%2Fplace%2F4402CC25E4284BA5AF9B2D21C66DBE23',https://place.map.kakao.com/20722762,2.3846153846153846,3.0
116,매일 11:30 ~ 22:00,한남동나른한오후,광주 동구 동명로67번길 14-1 (우)61432,퓨전요리,'//t1.kakaocdn.net/thumb/T800x0.q80/?fname=http%3A%2F%2Ft1.daumcdn.net%2Flocalfiy%2Fsearchregister_793133380',https://place.map.kakao.com/217164421,4.0,3.0
219,매일 11:00 ~ 02:00,꾸다,광주 서구 상무중앙로 6-18 1층 (우)61963,"호프,요리주점",'//t1.kakaocdn.net/thumb/T800x0.q80/?fname=http%3A%2F%2Ft1.daumcdn.net%2Fplace%2F30D5C5106ACF4A16AE19A3452CF66748',https://place.map.kakao.com/539808845,5.0,3.0
168,월~토 18:00 ~ 02:30,저팔계,광주 남구 봉선중앙로123번길 16 1층 (우)61688,회,'//t1.kakaocdn.net/thumb/T800x0.q80/?fname=http%3A%2F%2Ft1.daumcdn.net%2Fplace%2FD37948D30455426E9B9A79604F53DA5C',https://place.map.kakao.com/9389255,3.8333333333333335,3.0
169,일요일                                                                                    ,오카츠,광주 서구 치평로 112 정연하이빌 103호 (우)61950,"돈까스,우동",'//t1.kakaocdn.net/thumb/T800x0.q80/?fname=http%3A%2F%2Ft1.kakaocdn.net%2Ffiy_reboot%2Fplace%2F7A12E8BE8C93486F8D062F35B77AF427',https://place.map.kakao.com/1498075059,5.0,3.0
123,화~일 11:30 ~ 22:00,넓으실,광주 북구 대촌길6번길 20-6 1층 (우)61004,한정식,'//t1.kakaocdn.net/thumb/T800x0.q80/?fname=http%3A%2F%2Ft1.daumcdn.net%2Fcfile%2F1546E0284BC6CE8983',https://place.map.kakao.com/11396105,2.25,3.0
180,매일 11:00 ~ 22:00,장어명가청산 광주점,광주 동구 남문로 275 (우)61514,장어,'//t1.kakaocdn.net/thumb/T800x0.q80/?fname=http%3A%2F%2Ft1.daumcdn.net%2Flocalfiy%2F09A9DF82FDE04FB19104F4FA789DFE65',https://place.map.kakao.com/27524036,2.6363636363636362,3.0
195,매일 11:30 ~ 22:00,청수민물장어,광주 서구 마륵로 27 (우)61955,장어,'//t1.kakaocdn.net/thumb/T800x0.q80/?fname=http%3A%2F%2Ft1.daumcdn.net%2Fplace%2F329B492634DF4B58BAB406204E0350E1',https://place.map.kakao.com/24925043,2.4,3.0
190,매일 11:30 ~ 22:30,어나더키친 수완점,광주 광산구 임방울대로 353 2층 (우)62247,양식,'//t1.kakaocdn.net/thumb/T800x0.q80/?fname=http%3A%2F%2Ft1.daumcdn.net%2Fplace%2F4A49251487EB416C8D3E17B27AC31FB8',https://place.map.kakao.com/27577990,3.5454545454545454,3.0
185,매일 12:00 ~ 23:00,육전명가,광주 서구 상무자유로 174 2층 (우)61964,"해물,생선",'//t1.kakaocdn.net/thumb/T800x0.q80/?fname=http%3A%2F%2Ft1.daumcdn.net%2Fplace%2F66DBED7184114F1AB5CA0F687C8BC273',https://place.map.kakao.com/10681971,2.5,3.0
76,매일 11:30 ~ 21:00,소코아 양림점,광주 남구 천변좌로 468 1층 (우)61663,일식,'//t1.kakaocdn.net/thumb/T800x0.q80/?fname=http%3A%2F%2Ft1.daumcdn.net%2Fplace%2FC6D49DC0CCB243AB8D7C5F5EF85628F8',https://place.map.kakao.com/697647569,4.380952380952381,3.0
109,일요일                                                                                    ,해남성내식당,광주 남구 봉선로 21 2층 (우)61692,한식,'//t1.kakaocdn.net/thumb/T800x0.q80/?fname=http%3A%2F%2Ft1.daumcdn.net%2Fplace%2F8F223F8603CB446A8A089E0DC0627CEF',https://place.map.kakao.com/1185743447,3.3333333333333335,3.0
98,매일 10:00 ~ 24:00,카페52 삼각점,광주 북구 설죽로 402 (우)61051,카페,'//t1.kakaocdn.net/thumb/T800x0.q80/?fname=http%3A%2F%2Ft1.daumcdn.net%2Fplace%2FC43D1E6952CB45BEB1A8229A27961817',https://place.map.kakao.com/639580124,4.625,3.0
100,매일 11:00 ~ 21:30,옛날에금잔디,광주 광산구 도산로9번길 54 (우)62450,한식,'//t1.kakaocdn.net/thumb/T800x0.q80/?fname=http%3A%2F%2Ft1.daumcdn.net%2Fcfile%2F134FEA3A5111E25818',https://place.map.kakao.com/9889469,3.0,3.0
117,매일 17:30 ~ 04:00,파쿠야,광주 서구 내방로 348 2층 (우)61977,일식,'//t1.kakaocdn.net/thumb/T800x0.q80/?fname=http%3A%2F%2Ft1.daumcdn.net%2Fplace%2FA8EE9FFDA415494B9FE88833FEF34909',https://place.map.kakao.com/679986812,4.75,3.0
229,매일 16:00 ~ 23:00,돌돌이등갈비촌 광주본점,광주 서구 경열로76번길 6 1층 (우)61931,갈비,'//t1.kakaocdn.net/thumb/T800x0.q80/?fname=http%3A%2F%2Ft1.daumcdn.net%2Fplace%2F7ECAC470741847E890B5E2C497FD645A',https://place.map.kakao.com/16191635,4.2,3.0
10,"월,수,목,금,토,일 11:30 ~ 21:30",더바른,광주 서구 상무중앙로28번길 4 세진빌딩 8층 (우)61963,샤브샤브,'//t1.kakaocdn.net/thumb/T800x0.q80/?fname=http%3A%2F%2Ft1.daumcdn.net%2Fplace%2F89CBF07955EA4D38B95FE56AC4708277',https://place.map.kakao.com/26628829,4.105263157894737,3.0
254,매일 00:00 ~ 24:00,평화식당,광주 동구 서석로7번길 6-27 (우)61484,"육류,고기",'//t1.kakaocdn.net/thumb/T800x0.q80/?fname=http%3A%2F%2Ft1.daumcdn.net%2Fplace%2FFB25CA12BD244C238CDA2A08AB50E051',https://place.map.kakao.com/8126406,4.181818181818182,3.0
232,매일 09:00 ~ 22:00,계절한정식명성,광주 서구 상무대로 722 (우)61999,한정식,'//t1.kakaocdn.net/thumb/T800x0.q80/?fname=http%3A%2F%2Ft1.daumcdn.net%2Fcfile%2F22168B48566BA6DC01',https://place.map.kakao.com/27319718,5.0,3.0
255,화~일 11:00 ~ 21:00,말리화,광주 동구 제봉로82번길 13-5 (우)61465,중국요리,'//t1.kakaocdn.net/thumb/T800x0.q80/?fname=http%3A%2F%2Ft1.daumcdn.net%2Fplace%2F0B4B0CDA066547F394D38E80FCA9D085',https://place.map.kakao.com/7860453,4.0,2.9615384615384617
17,매일 11:30 ~ 22:00,하해가,광주 서구 내방로 37 (우)61944,장어,'//t1.kakaocdn.net/thumb/T800x0.q80/?fname=http%3A%2F%2Ft1.daumcdn.net%2Flocalad_thumb%2Ft%2F8170409650b977c385bac2b87175e0996a59ea84',https://place.map.kakao.com/1988981487,3.5416666666666665,2.9583333333333335
82,매일 17:00 ~ 05:00,왕코등갈비 광주본점,광주 서구 금화로85번길 4-37 (우)62006,갈비,'//t1.kakaocdn.net/thumb/T800x0.q80/?fname=http%3A%2F%2Ft1.daumcdn.net%2Fplace%2F153A2925CD374BB79B67F9FC53FC4D3D',https://place.map.kakao.com/20110522,3.782608695652174,2.9565217391304346
259,매일 11:00 ~ 22:00,비아꽃게장,광주 광산구 비아동원촌길 71 (우)62253,"게,대게",'//t1.kakaocdn.net/thumb/T800x0.q80/?fname=http%3A%2F%2Ft1.daumcdn.net%2Fplace%2F67522D564AC04FD081EB10DE55C33E9A',https://place.map.kakao.com/12119913,3.0,2.9523809523809526
224,화~일 11:00 ~ 22:00,코코로9,광주 동구 장동로 36 (우)61466,디저트카페,'//t1.kakaocdn.net/thumb/T800x0.q80/?fname=http%3A%2F%2Ft1.daumcdn.net%2Fplace%2F42229866AE754B6DBE1794E39D7743D6',https://place.map.kakao.com/161552912,4.15,2.95
292,매일 10:00 ~ 20:00,갱소년,광주 광산구 송정로8번길 7-4 1층 (우)62437,디저트카페,'//t1.kakaocdn.net/thumb/T800x0.q80/?fname=http%3A%2F%2Ft1.daumcdn.net%2Fplace%2F9AEB955A7B1B4D96B56528F6DC4BD5C4',https://place.map.kakao.com/806348915,3.388888888888889,2.9444444444444446
240,매일 09:30 ~ 22:00,달맞이 흑두부,광주 광산구 북문대로 500-17 (우)62272,두부전문점,'//t1.kakaocdn.net/thumb/T800x0.q80/?fname=http%3A%2F%2Ft1.daumcdn.net%2Fcfile%2F2173193D545822F259',https://place.map.kakao.com/15303592,3.142857142857143,2.9285714285714284
253,"화,수요일                                                                                    ",아우스밀,광주 동구 동명로25번길 4-1 (우)61430,디저트카페,'//t1.kakaocdn.net/thumb/T800x0.q80/?fname=http%3A%2F%2Ft1.daumcdn.net%2Fplace%2F2A8F22CD4AE5485B9DF8F168B8330813',https://place.map.kakao.com/908861159,3.4074074074074074,2.925925925925926
268,월~토 17:30 ~ 02:00,독도집,광주 서구 상무대로876번길 11 1층 (우)61989,술집,'//t1.kakaocdn.net/thumb/T800x0.q80/?fname=http%3A%2F%2Ft1.daumcdn.net%2Fplace%2F4705183EDDC04A6992ED8A63471A01A7',https://place.map.kakao.com/1559659558,4.767857142857143,2.9107142857142856
226,매일 11:00 ~ 20:00,광신보리밥,광주 북구 두리봉길 2-1 (우)61167,한식,'//t1.kakaocdn.net/thumb/T800x0.q80/?fname=http%3A%2F%2Ft1.daumcdn.net%2Fplace%2FDFBDEC1B063A4315949BC876E9D340B2',https://place.map.kakao.com/16193568,4.363636363636363,2.909090909090909
18,매일 11:30 ~ 22:00,황솔촌 충장점,광주 동구 중앙로160번길 16-10 (우)61484,갈비,'//t1.kakaocdn.net/thumb/T800x0.q80/?fname=http%3A%2F%2Ft1.daumcdn.net%2Fcfile%2F224CA2465756279B13',https://place.map.kakao.com/21318122,4.181818181818182,2.909090909090909
33,매일 00:00 ~ 24:00,맛삼,광주 동구 서석로7번길 6-46 (우)61484,"육류,고기",'//t1.kakaocdn.net/thumb/T800x0.q80/?fname=http%3A%2F%2Ft1.daumcdn.net%2Fplace%2F7C9B6450BE62445F99C8506AE71CF696',https://place.map.kakao.com/10343783,3.4545454545454546,2.909090909090909
9,매일 11:30 ~ 21:30,미미원,광주 동구 백서로 218 1층 (우)61467,한식,'//t1.kakaocdn.net/thumb/T800x0.q80/?fname=http%3A%2F%2Ft1.kakaocdn.net%2Ffiy_reboot%2Fplace%2F2EF8DABB112949E1911AF9891E5B2F1F',https://place.map.kakao.com/9008180,3.6666666666666665,2.909090909090909
124,매일 11:00 ~ 22:00,어센틱비스트로,광주 남구 봉선로79번길 9 (우)61695,양식,'//t1.kakaocdn.net/thumb/T800x0.q80/?fname=http%3A%2F%2Ft1.daumcdn.net%2Fplace%2F825DD379034E4155A31D9DB563564E8F',https://place.map.kakao.com/1372300441,2.5454545454545454,2.909090909090909
277,매일 17:00 ~ 03:00,이층,광주 동구 동명로14번길 1 2층 (우)61434,"호프,요리주점",'//t1.kakaocdn.net/thumb/T800x0.q80/?fname=http%3A%2F%2Ft1.daumcdn.net%2Fplace%2F9CC7580A87B148BD8ED08548410D851E',https://place.map.kakao.com/768670770,3.8,2.9
308,매일 16:00 ~ 24:00,카엔 광주봉선점,광주 남구 봉선중앙로47번길 12 1층 (우)61683,"육류,고기",'//t1.kakaocdn.net/thumb/T800x0.q80/?fname=http%3A%2F%2Ft1.daumcdn.net%2Fplace%2FC52246AC22C94AD19D20B9B3ADD6451A',https://place.map.kakao.com/564202140,4.444444444444445,2.888888888888889
283,매일 00:00 ~ 24:00,진미가람,광주 서구 상무중앙로28번길 18 (우)61963,갈비,'//t1.kakaocdn.net/thumb/T800x0.q80/?fname=http%3A%2F%2Ft1.daumcdn.net%2Fplace%2F8B5A69DADA9B49D090F021F5D6F2ADED',https://place.map.kakao.com/10417509,4.777777777777778,2.888888888888889
160,매일 11:00 ~ 21:00,연경 하남점,광주 광산구 하남산단3번로 133-8 지하1층 (우)62231,중국요리,'//t1.kakaocdn.net/thumb/T800x0.q80/?fname=http%3A%2F%2Ft1.daumcdn.net%2Fplace%2FAC44678D9E614081B5EEC8B2449B739D',https://place.map.kakao.com/151782683,3.4444444444444446,2.888888888888889
3,월~토 09:30 ~ 21:30,송정떡갈비 1호점,광주 광산구 광산로29번길 1 (우)62430,갈비,'//t1.kakaocdn.net/thumb/T800x0.q80/?fname=http%3A%2F%2Ft1.daumcdn.net%2Fplace%2FD5BEC9C344144F1BAA7FB8A7BC2ABF75',https://place.map.kakao.com/7960840,3.7422680412371134,2.88659793814433
5,화~일 11:30 ~ 21:30,다온,광주 북구 동운로201번길 68 (우)61258,한정식,'//t1.kakaocdn.net/thumb/T800x0.q80/?fname=http%3A%2F%2Ft1.kakaocdn.net%2Fmystore%2F145AB3BB7A094876B1417B7ABD729B16',https://place.map.kakao.com/2131086484,3.1142857142857143,2.8857142857142857
26,월~금 11:00 ~ 22:00,상무초밥 용봉점,광주 북구 설죽로 211 1층 (우)61106,"초밥,롤",'//t1.kakaocdn.net/thumb/T800x0.q80/?fname=http%3A%2F%2Ft1.daumcdn.net%2Fplace%2F33326B045095482CBD3E89790679BC43',https://place.map.kakao.com/194154829,4.184615384615385,2.876923076923077
49,화~토 12:00 ~ 22:00,하지메,광주 서구 상무민주로 16 1층 (우)61970,참치회,'//t1.kakaocdn.net/thumb/T800x0.q80/?fname=http%3A%2F%2Ft1.daumcdn.net%2Fplace%2FD68268E5275646218F38C5DC9F80E9DC',https://place.map.kakao.com/27386489,2.5,2.875
162,매일 10:00 ~ 23:00,옹고집보쌈,광주 북구 저불로 18-4 1층 (우)61111,"족발,보쌈",'//t1.kakaocdn.net/thumb/T800x0.q80/?fname=http%3A%2F%2Ft1.daumcdn.net%2Fplace%2F9C0BC808CB824F1B915F11E8E0A84E16',https://place.map.kakao.com/969560632,4.625,2.875
63,월~금 09:30 ~ 23:00,그런느낌,광주 광산구 수완로9번길 22-1 (우)62308,디저트카페,'//t1.kakaocdn.net/thumb/T800x0.q80/?fname=http%3A%2F%2Ft1.daumcdn.net%2Fplace%2F822490F8568E4E979E2AC300C11DA4A0',https://place.map.kakao.com/644832876,4.125,2.875
201,월~토 11:30 ~ 21:30,장수하늘소,광주 광산구 월계로 235-1 1층 장수하늘소 (우)62279,한식,'//t1.kakaocdn.net/thumb/T800x0.q80/?fname=http%3A%2F%2Ft1.kakaocdn.net%2Fmystore%2F66D67BDAAE8546E6AE13621F3BB0C480',https://place.map.kakao.com/2032476253,4.5,2.875
78,매일 12:00 ~ 22:00,티앗,광주 동구 동명로14번길 12 (우)61434,카페,'//t1.kakaocdn.net/thumb/T800x0.q80/?fname=http%3A%2F%2Ft1.daumcdn.net%2Fplace%2F40C3416DBE7D47A98933DC409A85851B',https://place.map.kakao.com/1969815297,4.217391304347826,2.869565217391304
251,매일 11:00 ~ 22:00,등촌 효천본점,광주 남구 효우로230번길 2 1층 (우)61764,한식,'//t1.kakaocdn.net/thumb/T800x0.q80/?fname=http%3A%2F%2Ft1.daumcdn.net%2Fplace%2FB18F8E84D626451886173AF17F23893E',https://place.map.kakao.com/11638854,3.2,2.8666666666666667
223,월~토 09:30 ~ 02:00,빅혼,광주 광산구 임방울대로 552 1층 (우)62245,테마카페,'//t1.kakaocdn.net/thumb/T800x0.q80/?fname=http%3A%2F%2Ft1.daumcdn.net%2Fplace%2FC776FC1657534157931153C6928FE587',https://place.map.kakao.com/770983718,4.857142857142857,2.857142857142857
119,화~일 11:50 ~ 23:50,백족발 본점,광주 광산구 왕버들로252번길 33 1층 (우)62250,"족발,보쌈",'//t1.kakaocdn.net/thumb/T800x0.q80/?fname=http%3A%2F%2Ft1.kakaocdn.net%2Fmystore%2F649A1FD69F59409DBDE58715CFC4BECD',https://place.map.kakao.com/24847973,4.142857142857143,2.857142857142857
250,매일 11:30 ~ 23:30,무등수산,광주 광산구 첨단중앙로182번길 24-7 (우)62274,회,'//t1.kakaocdn.net/thumb/T800x0.q80/?fname=http%3A%2F%2Ft1.kakaocdn.net%2Ffiy_reboot%2Fplace%2FBBE51C55AB5F4C05A01E5C0BB14BAE2B',https://place.map.kakao.com/1801205420,3.0,2.857142857142857
148,월~토 11:00 ~ 02:00,원두막,광주 서구 상무중앙로 6-28 (우)61963,한식,'//t1.kakaocdn.net/thumb/T800x0.q80/?fname=http%3A%2F%2Ft1.daumcdn.net%2Fplace%2FEBFE6EF026124BFEAB25001B3C9BC9CE',https://place.map.kakao.com/12159218,4.428571428571429,2.857142857142857
86,매일 09:00 ~ 21:00,궁전제과 수완점,광주 광산구 사암로 426 (우)62234,"제과,베이커리",'//t1.kakaocdn.net/thumb/T800x0.q80/?fname=http%3A%2F%2Ft1.daumcdn.net%2Fplace%2F09D17BEA4980459DBDE96EC5B9F84A1C',https://place.map.kakao.com/24203646,2.4285714285714284,2.857142857142857
287,매일 09:00 ~ 20:00,대성콩물,광주 북구 제봉로 272 (우)61236,국수,'//t1.kakaocdn.net/thumb/T800x0.q80/?fname=http%3A%2F%2Ft1.daumcdn.net%2Fplace%2F1A4312168AFD4A53B722C969F79D1F3A',https://place.map.kakao.com/2048465953,3.5757575757575757,2.8484848484848486
140,월~금 11:00 ~ 20:00,쿠우쿠우 광주하남점,광주 광산구 무진대로 272-8 오렌지파크몰 3층 (우)62364,쿠우쿠우,'//t1.kakaocdn.net/thumb/T800x0.q80/?fname=http%3A%2F%2Ft1.kakaocdn.net%2Ffiy_reboot%2Fplace%2F9F600601D01B4D0698E59BDDCA076C3A',https://place.map.kakao.com/191056557,2.923076923076923,2.8461538461538463
80,화~일 11:30 ~ 22:00,돈까스만드는남자 운암직영점,광주 북구 북문대로 88 2층 C201호 (우)61100,"돈까스,우동",'//t1.kakaocdn.net/thumb/T800x0.q80/?fname=http%3A%2F%2Ft1.daumcdn.net%2Fplace%2FFA6631035F7849ACBE65B6E49BC1FE3B',https://place.map.kakao.com/842975692,4.3076923076923075,2.8461538461538463
307,월~토 17:00 ~ 01:30,황소알곱창,광주 남구 백운로 55 (우)61648,"곱창,막창",'//t1.kakaocdn.net/thumb/T800x0.q80/?fname=http%3A%2F%2Ft1.daumcdn.net%2Fplace%2F887A7055A8DC48BCAE71B46724F4EEE8',https://place.map.kakao.com/26941171,1.7692307692307692,2.8461538461538463
157,매일 11:00 ~ 22:00,김서방국밥,광주 서구 화정로260번길 11-2 1층 (우)62047,국밥,'//t1.kakaocdn.net/thumb/T800x0.q80/?fname=http%3A%2F%2Ft1.daumcdn.net%2Fplace%2F1FD1AAF1E3964022AB17FD343258CADA',https://place.map.kakao.com/1119335901,4.461538461538462,2.8461538461538463
110,매일 11:30 ~ 21:00,꽃담샤브,광주 북구 첨단연신로 97 솔로몬타워 7층 (우)61087,"육류,고기",'//t1.kakaocdn.net/thumb/T800x0.q80/?fname=http%3A%2F%2Ft1.daumcdn.net%2Fplace%2FCC0814E1113449AE8B56F097E663F1F8',https://place.map.kakao.com/24168624,1.6153846153846154,2.8461538461538463
81,화~일 09:00 ~ 22:30,대왕김밥초밥 전대정문점,광주 북구 자미로 55 (우)61220,분식,'//t1.kakaocdn.net/thumb/T800x0.q80/?fname=http%3A%2F%2Ft1.daumcdn.net%2Fcfile%2F156DF73D4F69D7C72F',https://place.map.kakao.com/9718181,3.763157894736842,2.8421052631578947
262,월~토 06:00 ~ 20:00,시장국밥집,광주 광산구 광산로30번길 65 (우)62435,국밥,'//t1.kakaocdn.net/thumb/T800x0.q80/?fname=http%3A%2F%2Ft1.kakaocdn.net%2Fmystore%2F55B30D33225D4F22B71347AA561DBA74',https://place.map.kakao.com/8438756,4.555555555555555,2.8333333333333335
97,월~목 17:00 ~ 22:00,램앤솔트,광주 서구 상무연하로 50 에코노블 103호 (우)61949,"육류,고기",'//t1.kakaocdn.net/thumb/T800x0.q80/?fname=http%3A%2F%2Ft1.daumcdn.net%2Fplace%2FA587FF811542433A8B118C5A8F4C48B4',https://place.map.kakao.com/1994680755,4.222222222222222,2.8333333333333335
286,매일 11:00 ~ 21:30,신락원 금호점,광주 서구 운천로 15 거성빌딩 5층 (우)62006,중국요리,'//t1.kakaocdn.net/thumb/T800x0.q80/?fname=http%3A%2F%2Ft1.daumcdn.net%2Fplace%2FC316CA3D49424ECDA55349017E515900',https://place.map.kakao.com/11110161,3.1666666666666665,2.8333333333333335
103,"월,수,목,금,토 16:00 ~ 24:00",농성화로,광주 서구 군분로221번길 2-16 1층 (우)61980,"육류,고기",'//t1.kakaocdn.net/thumb/T800x0.q80/?fname=http%3A%2F%2Ft1.daumcdn.net%2Flocalfiy%2FE17E6813B520480D975A56645F00CD8F',https://place.map.kakao.com/1744382074,4.333333333333333,2.8333333333333335
261,매일 11:00 ~ 20:30,명품상무팥죽 광주본점,광주 서구 마륵로 100 (우)61960,죽,'//t1.kakaocdn.net/thumb/T800x0.q80/?fname=http%3A%2F%2Ft1.daumcdn.net%2Fplace%2FD3E0F1C8065E4D18847B4D993EA41A03',https://place.map.kakao.com/9073032,3.5,2.8333333333333335
129,매일 11:30 ~ 21:30,민속촌 봉선점,광주 남구 봉선로 218 (우)61682,갈비,'//t1.kakaocdn.net/thumb/T800x0.q80/?fname=http%3A%2F%2Ft1.daumcdn.net%2Fplace%2F6A53C369E4FB478AAFA5CB6BF3232344',https://place.map.kakao.com/1560845715,3.888888888888889,2.8333333333333335
104,매일 06:00 ~ 22:30,창평국밥,광주 북구 천지인로 103 1층 (우)61131,국밥,'//t1.kakaocdn.net/thumb/T800x0.q80/?fname=http%3A%2F%2Ft1.daumcdn.net%2Fplace%2FC645B1703B8040299C8D4789A06792D2',https://place.map.kakao.com/9431507,4.304347826086956,2.8260869565217392
29,월~토 12:00 ~ 21:00,엄마네돼지찌개,광주 동구 문화전당로23번길 33 (우)61488,"찌개,전골",'//t1.kakaocdn.net/thumb/T800x0.q80/?fname=http%3A%2F%2Ft1.daumcdn.net%2Fcfile%2F202F393B4FCC601C3E',https://place.map.kakao.com/10575386,2.3333333333333335,2.8205128205128207
105,매일 11:00 ~ 22:00,거목한정식,광주 남구 천변좌로364번길 3-6 (우)61639,한정식,'//t1.kakaocdn.net/thumb/T800x0.q80/?fname=http%3A%2F%2Ft1.daumcdn.net%2Fplace%2F9077B4FDDFAC4472A583DD624948ECCC',https://place.map.kakao.com/10133147,2.272727272727273,2.8181818181818183
161,매일 09:00 ~ 21:00,궁전제과 진월점,광주 남구 서문대로 701 (우)61727,"제과,베이커리",'//t1.kakaocdn.net/thumb/T800x0.q80/?fname=http%3A%2F%2Ft1.daumcdn.net%2Fplace%2FFFA076BDCBE54F3999A3717371463141',https://place.map.kakao.com/8823049,3.0625,2.8125
241,월~토 10:00 ~ 21:00,시골밥상,광주 광산구 평동로766번길 16 1층 (우)62420,한식,'//t1.kakaocdn.net/thumb/T800x0.q80/?fname=http%3A%2F%2Ft1.kakaocdn.net%2Fmystore%2F66966BE465D84F45B4224B97E8352948',https://place.map.kakao.com/12779373,5.0,2.8
294,매일 17:30 ~ 01:00,본참치 광주상무점,광주 서구 상무연하로 33 (우)61963,참치회,'//t1.kakaocdn.net/thumb/T800x0.q80/?fname=http%3A%2F%2Ft1.daumcdn.net%2Fplace%2FEE1B0A939B9E45A8AE72924205E4F75E',https://place.map.kakao.com/8324884,4.8,2.8
216,매일 11:30 ~ 02:00,대소양,광주 서구 상무민주로 4 1층 (우)61970,"곱창,막창",'//t1.kakaocdn.net/thumb/T800x0.q80/?fname=http%3A%2F%2Ft1.daumcdn.net%2Fplace%2FE0B8E35C9C784AC388CFD2923AF682E1',https://place.map.kakao.com/615272546,3.2,2.8
309,매일 17:00 ~ 24:00,주노애참치,광주 서구 군분로 239-1 1층 (우)61980,참치회,'//t1.kakaocdn.net/thumb/T800x0.q80/?fname=http%3A%2F%2Ft1.daumcdn.net%2Fplace%2FF3BA2A215B734C1699DBB03C764F57B8',https://place.map.kakao.com/27144937,4.2,2.8
30,매일 11:00 ~ 22:00,영미오리탕 상무점,광주 서구 상무중앙로104번길 10 1층 (우)61947,오리,'//t1.kakaocdn.net/thumb/T800x0.q80/?fname=http%3A%2F%2Ft1.daumcdn.net%2Fplace%2FBDA648FE107E4162B55470D493389723',https://place.map.kakao.com/11887885,3.3448275862068964,2.793103448275862
217,매일 11:00 ~ 21:00,신락원 상무점,광주 서구 상무시민로 95-2 2층 (우)61947,중국요리,'//t1.kakaocdn.net/thumb/T800x0.q80/?fname=http%3A%2F%2Ft1.daumcdn.net%2Fplace%2F1B248956A6FC47009BB83658BAC353E6',https://place.map.kakao.com/9190274,2.857142857142857,2.7857142857142856
133,매일 16:30 ~ 01:00,매운날 양푼이매운갈비찜,광주 광산구 첨단중앙로106번길 42 1층 (우)62276,갈비,'//t1.kakaocdn.net/thumb/T800x0.q80/?fname=http%3A%2F%2Ft1.daumcdn.net%2Fplace%2F9018BFA715ED497AB1CF80048F9ACC1C',https://place.map.kakao.com/17028548,4.285714285714286,2.7857142857142856
163,매일 11:30 ~ 22:00,덤,광주 남구 봉선2로 104 (우)61686,"육류,고기",'//t1.kakaocdn.net/thumb/T800x0.q80/?fname=http%3A%2F%2Ft1.daumcdn.net%2Fplace%2FAFDD97EC0F07419F83EBA464311A2ADB',https://place.map.kakao.com/12158464,5.0,2.7857142857142856
127,매일 10:00 ~ 21:00,매월흑염소가든,광주 서구 회재유통길 19-24 (우)62071,"육류,고기",'//t1.kakaocdn.net/thumb/T800x0.q80/?fname=http%3A%2F%2Ft1.daumcdn.net%2Fplace%2FFFF0C2D2AF6E47BA91DC1DF121A1DC5A',https://place.map.kakao.com/9021743,3.111111111111111,2.7777777777777777
20,매일 11:30 ~ 21:20,나나방콕,광주 서구 상무자유로 180 대선빌딩 1층 (우)61964,태국음식,'//t1.kakaocdn.net/thumb/T800x0.q80/?fname=http%3A%2F%2Ft1.kakaocdn.net%2Fmystore%2FDB72D302A8764117ABC02A198E8478AB',https://place.map.kakao.com/1109234501,3.6666666666666665,2.7777777777777777
208,매일 11:30 ~ 21:00,원조용전식육식당,광주 북구 용전마을길 28 (우)61042,"육류,고기",'//t1.kakaocdn.net/thumb/T800x0.q80/?fname=http%3A%2F%2Ft1.daumcdn.net%2Fplace%2F496525C59AAF4FD0A36056B10C3DBD16',https://place.map.kakao.com/18782368,2.1666666666666665,2.7777777777777777
193,매일 11:00 ~ 21:00,무두,광주 광산구 첨단강변로87번길 5 야스텍타워 2층 (우)62279,카페,'//t1.kakaocdn.net/thumb/T800x0.q80/?fname=http%3A%2F%2Ft1.daumcdn.net%2Fplace%2F270EEB29C6E94F0DB741C1AD689989EA',https://place.map.kakao.com/1219222265,3.0,2.7777777777777777
75,매일 11:00 ~ 22:00,테스팅노트,광주 서구 군분로159번길 13 1층 (우)62047,"스테이크,립",'//t1.kakaocdn.net/thumb/T800x0.q80/?fname=http%3A%2F%2Ft1.daumcdn.net%2Fplace%2F351AA76AEBFB48EF8ACDF669597F0CDA',https://place.map.kakao.com/899069710,4.461538461538462,2.769230769230769
172,매일 11:30 ~ 21:30,어느멋진날,광주 북구 하서로483번길 2 5층 (우)61015,양식,'//t1.kakaocdn.net/thumb/T800x0.q80/?fname=http%3A%2F%2Ft1.daumcdn.net%2Fplace%2F2B853C8FF83449B595930A693AF59DEE',https://place.map.kakao.com/26432436,2.4615384615384617,2.769230769230769
151,매일 11:30 ~ 22:00,소코아,광주 광산구 수완로14번길 19 1층 (우)62305,일식집,'//t1.kakaocdn.net/thumb/T800x0.q80/?fname=http%3A%2F%2Ft1.daumcdn.net%2Fplace%2FE37EEDB7EABF44CFB32B6E8A1CD62AA5',https://place.map.kakao.com/320296058,4.0,2.769230769230769
293,매일 12:00 ~ 24:00,광주보쌈,광주 동구 서석로 29-5 (우)61483,"족발,보쌈",'//t1.kakaocdn.net/thumb/T800x0.q80/?fname=http%3A%2F%2Ft1.daumcdn.net%2Fcfile%2F202D173C4F599A8014',https://place.map.kakao.com/8774191,1.7692307692307692,2.769230769230769
290,매일 13:00 ~ 01:00,백두산 수완점,광주 광산구 수완로48번길 10 (우)62305,양꼬치,'//t1.kakaocdn.net/thumb/T800x0.q80/?fname=http%3A%2F%2Ft1.daumcdn.net%2Fplace%2F0419423CC18144A3852617B76E05E1DD',https://place.map.kakao.com/735571997,4.0,2.769230769230769
39,매일 11:30 ~ 22:00,옥과한우촌 상무점,광주 서구 내방로 39-1 1~3층 (우)61944,"육류,고기",'//t1.kakaocdn.net/thumb/T800x0.q80/?fname=http%3A%2F%2Ft1.daumcdn.net%2Fplace%2F444E995EBA8043EAB160408D6114506B',https://place.map.kakao.com/8137471,2.966666666666667,2.7666666666666666
51,매일 11:00 ~ 21:00,광주옥1947,광주 서구 상무대로 1104-20 1층 (우)61981,냉면,'//t1.kakaocdn.net/thumb/T800x0.q80/?fname=http%3A%2F%2Ft1.daumcdn.net%2Fplace%2F12F58F7AABF447FAB3D81F7DE0BA362F',https://place.map.kakao.com/60825746,2.1818181818181817,2.757575757575758
207,매일 11:30 ~ 22:00,황솔촌 운암점,광주 북구 북문대로 167 2층 (우)61267,한식,'//t1.kakaocdn.net/thumb/T800x0.q80/?fname=http%3A%2F%2Ft1.daumcdn.net%2Fplace%2F6EE379C5B6D44D55995C1606C77EA6E9',https://place.map.kakao.com/563745887,4.803921568627451,2.7549019607843137
186,매일 12:00 ~ 22:00,예향계절한정식,광주 서구 상무평화로 131 사이버빌딩 2층 (우)61964,한정식,'//t1.kakaocdn.net/thumb/T800x0.q80/?fname=http%3A%2F%2Ft1.daumcdn.net%2Fplace%2F860A82D20C2144948161E54D4F269EFC',https://place.map.kakao.com/26816725,1.875,2.75
212,매일 09:30 ~ 23:00,준클라우드,광주 서구 상무누리로 5 (우)61955,카페,'//t1.kakaocdn.net/thumb/T800x0.q80/?fname=http%3A%2F%2Ft1.daumcdn.net%2Fplace%2FB41ECE7E52C54F4AA545F87ED7FDE676',https://place.map.kakao.com/1912873663,4.0,2.75
115,매일 16:00 ~ 23:30,머시기 쪽갈비생족발구이 쌍촌본점,광주 서구 월드컵4강로181번길 31 1층 (우)61968,갈비,'//t1.kakaocdn.net/thumb/T800x0.q80/?fname=http%3A%2F%2Ft1.daumcdn.net%2Fplace%2FDFDF981502F145DEB01E18F06DFDC13A',https://place.map.kakao.com/12679627,3.875,2.75
6,"월,수,목,금,토,일 10:00 ~ 22:30",궁전제과 충장점,광주 동구 충장로 93-6 (우)61482,"제과,베이커리",'//t1.kakaocdn.net/thumb/T800x0.q80/?fname=http%3A%2F%2Ft1.daumcdn.net%2Fplace%2FD2ADB416000A4BFAB494B7667A9A8740',https://place.map.kakao.com/11701966,3.1634615384615383,2.75
137,"월,화,수,목,일 10:30 ~ 23:30",서플라이,광주 서구 상무자유로 32 1층 (우)61955,카페,'//t1.kakaocdn.net/thumb/T800x0.q80/?fname=http%3A%2F%2Ft1.daumcdn.net%2Flocalfiy%2F418A0A69C1B64FA99DAB03D3DF4B72A4',https://place.map.kakao.com/400689105,4.125,2.75
143,매일 11:00 ~ 21:00,아날로그내방,광주 서구 내방로252번길 12 2층 (우)61967,이탈리안,'//t1.kakaocdn.net/thumb/T800x0.q80/?fname=http%3A%2F%2Ft1.kakaocdn.net%2Ffiy_reboot%2Fplace%2FBAA377578BF7460686CDAF569A55339F',https://place.map.kakao.com/596038042,3.883720930232558,2.744186046511628
4,매일 11:30 ~ 22:00,황솔촌 상무점,광주 서구 운천로 143 1층 (우)62002,한식,'//t1.kakaocdn.net/thumb/T800x0.q80/?fname=http%3A%2F%2Ft1.daumcdn.net%2Fcfile%2F23640F3E563DD91102',https://place.map.kakao.com/23736803,4.368,2.736
70,매일 11:00 ~ 22:00,칸세이스시 상무본점,광주 서구 시청로60번길 21-6 지하1층 101호 (우)61948,"초밥,롤",'//t1.kakaocdn.net/thumb/T800x0.q80/?fname=http%3A%2F%2Ft1.daumcdn.net%2Fplace%2FF8ACC8B53B494AE89447F3EE79A06067',https://place.map.kakao.com/219169535,4.426470588235294,2.735294117647059
11,매일 11:30 ~ 22:00,황솔촌 수완점,광주 광산구 장신로19번안길 23 (우)62223,한식,'//t1.kakaocdn.net/thumb/T800x0.q80/?fname=http%3A%2F%2Ft1.daumcdn.net%2Fcfile%2F24284247563DDD5C06',https://place.map.kakao.com/26792051,4.351351351351352,2.72972972972973
245,매일 11:30 ~ 22:00,쌍촌명가낙지한마당,"광주 서구 월드컵4강로181번길 45 1,2층 (우)61968","해물,생선",'//t1.kakaocdn.net/thumb/T800x0.q80/?fname=http%3A%2F%2Ft1.daumcdn.net%2Fcfile%2F18586E3D4F70140936',https://place.map.kakao.com/15248747,3.0,2.727272727272727
302,월~토 17:00 ~ 04:00,베스트 진월본점,광주 남구 광복마을길 7 1층 (우)61728,"호프,요리주점",'//t1.kakaocdn.net/thumb/T800x0.q80/?fname=http%3A%2F%2Ft1.daumcdn.net%2Fplace%2FFBA26CD32F8C4BB59F6A08F9F737B2DB',https://place.map.kakao.com/660668538,4.363636363636363,2.727272727272727
176,매일 11:30 ~ 22:30,어나더키친 상무점,광주 서구 시청로60번길 21-9 104호 (우)61948,양식,'//t1.kakaocdn.net/thumb/T800x0.q80/?fname=http%3A%2F%2Ft1.daumcdn.net%2Fplace%2F2F9D75B844334B74B232EE70A1ADABE1',https://place.map.kakao.com/27281770,1.8333333333333333,2.7222222222222223
13,매일 10:00 ~ 22:00,라라브레드 송정점,광주 광산구 광산로19번길 24 (우)62430,"제과,베이커리",'//t1.kakaocdn.net/thumb/T800x0.q80/?fname=http%3A%2F%2Ft1.daumcdn.net%2Flocalfiy%2F3CD2028FA3544E2E9F122C0AF868C671',https://place.map.kakao.com/2014559721,4.481481481481482,2.7160493827160495
85,월~금 11:00 ~ 22:00,쿠우쿠우 광주상무점,광주 서구 시청로50번길 3 5층 (우)61948,쿠우쿠우,'//t1.kakaocdn.net/thumb/T800x0.q80/?fname=http%3A%2F%2Ft1.daumcdn.net%2Fplace%2FF4562760C837484A959EEE32B87173C2',https://place.map.kakao.com/1500356252,3.892857142857143,2.7142857142857144
74,매일 10:30 ~ 21:30,시골집추어탕,광주 남구 화산로 101 2층 (우)61711,추어,'//t1.kakaocdn.net/thumb/T800x0.q80/?fname=http%3A%2F%2Ft1.daumcdn.net%2Fplace%2FD8032BB813F94DC3BBBCB9DD80BC7060',https://place.map.kakao.com/7973065,4.428571428571429,2.7142857142857144
22,매일 11:00 ~ 20:40,쌍교숯불갈비 송정점,광주 광산구 동곡로 462 (우)62454,갈비,'//t1.kakaocdn.net/thumb/T800x0.q80/?fname=http%3A%2F%2Ft1.kakaocdn.net%2Fmystore%2FF1BB599546754AAEAA31A0A81A88452C',https://place.map.kakao.com/658400183,3.0476190476190474,2.7142857142857144
83,매일 11:30 ~ 21:30,아리랑한정식,광주 서구 천변좌하로 270 (우)61944,한정식,'//t1.kakaocdn.net/thumb/T800x0.q80/?fname=http%3A%2F%2Ft1.daumcdn.net%2Flocalfiy%2F818F0AED9F1E4C908194A5690B0D1789',https://place.map.kakao.com/27270229,3.857142857142857,2.7142857142857144
36,매일 08:30 ~ 24:00,서플라이 첨단점,"광주 광산구 임방울대로826번길 47 1층 113,114호 (우)62279",카페,'//t1.kakaocdn.net/thumb/T800x0.q80/?fname=http%3A%2F%2Ft1.daumcdn.net%2Fplace%2FC79F56AA033A462CB2302CC12E939329',https://place.map.kakao.com/835149001,4.0,2.7
8,매일 11:00 ~ 23:00,득량만횟집,광주 북구 동문대로97번길 81 (우)61193,회,'//t1.kakaocdn.net/thumb/T800x0.q80/?fname=http%3A%2F%2Ft1.daumcdn.net%2Fplace%2FA433603B5F274E58990C79EDD1321523',https://place.map.kakao.com/10366663,4.0,2.6956521739130435
95,"월,수,목,금,토,일 11:30 ~ 22:00",다연닭갈비,광주 광산구 목련로153번안길 46-3 (우)62326,닭요리,'//t1.kakaocdn.net/thumb/T800x0.q80/?fname=http%3A%2F%2Ft1.daumcdn.net%2Fplace%2FBEFAB71895734886860C6AA543B40460',https://place.map.kakao.com/18691047,4.472222222222222,2.6944444444444446
203,매일 00:00 ~ 24:00,짬뽕지존 광주매월점,광주 서구 서광주로 31 1층 (우)62010,중국요리,'//t1.kakaocdn.net/thumb/T800x0.q80/?fname=http%3A%2F%2Ft1.daumcdn.net%2Flocalfiy%2F1DF9E31DBDCC408A897F01B560332D7E',https://place.map.kakao.com/723030513,3.9166666666666665,2.6944444444444446
174,화~일 11:00 ~ 22:00,르시엘블루 상무점,광주 서구 상무대로 718 (우)61999,이탈리안,'//t1.kakaocdn.net/thumb/T800x0.q80/?fname=http%3A%2F%2Ft1.daumcdn.net%2Fplace%2F6F083DB4969E4B059D8869BBC2B9944F',https://place.map.kakao.com/8358432,3.3076923076923075,2.6923076923076925
179,매일 11:00 ~ 21:00,석암돌솥밥,광주 북구 대천로139번길 8-1 (우)61125,한식,'//t1.kakaocdn.net/thumb/T800x0.q80/?fname=http%3A%2F%2Ft1.kakaocdn.net%2Ffiy_reboot%2Fplace%2F36982BE58A354E64A40D35AD774781AA',https://place.map.kakao.com/9157649,3.230769230769231,2.6923076923076925
54,매일 11:30 ~ 15:00,수자타,광주 동구 동산길7번길 3 (우)61494,채식뷔페,'//t1.kakaocdn.net/thumb/T800x0.q80/?fname=http%3A%2F%2Ft1.daumcdn.net%2Fplace%2F53B81B984F4747BB84E2ACEB12F52CF8',https://place.map.kakao.com/17965543,4.384615384615385,2.6923076923076925
191,매일 09:00 ~ 21:00(재료 소진 시 조기마감),소맥베이커리,광주 동구 문화전당로26번길 10-2 (우)61486,"제과,베이커리",'//t1.kakaocdn.net/thumb/T800x0.q80/?fname=http%3A%2F%2Ft1.daumcdn.net%2Fplace%2F7CE7490407E54C85BCC671F189B045C4',https://place.map.kakao.com/24839815,3.6315789473684212,2.6842105263157894
246,매일 10:30 ~ 21:30,빛고을떡갈비,광주 광산구 광산로29번길 14 (우)62430,갈비,'//t1.kakaocdn.net/thumb/T800x0.q80/?fname=http%3A%2F%2Ft1.daumcdn.net%2Fcfile%2F130DEA1B4BD7BF0F79',https://place.map.kakao.com/10456191,3.04,2.68
79,매일 11:50 ~ 21:00,목하식당,광주 동구 동명로25번길 6 1층 (우)61430,일식,'//t1.kakaocdn.net/thumb/T800x0.q80/?fname=http%3A%2F%2Ft1.kakaocdn.net%2Fmystore%2F6D155634D65D43F199B80E637C9D9E72',https://place.map.kakao.com/1101299229,3.6666666666666665,2.6666666666666665
189,매일 10:00 ~ 22:00,삼희불낙 상무본점,광주 서구 상무누리로 143 1층 (우)61953,"해물,생선",'//t1.kakaocdn.net/thumb/T800x0.q80/?fname=http%3A%2F%2Ft1.daumcdn.net%2Fplace%2FB4CC7AE778184189B3FF8B6210405207',https://place.map.kakao.com/163939822,2.7777777777777777,2.6666666666666665
285,매일 11:30 ~ 24:00,하남낙지마당,광주 광산구 사암로216번길 10-13 (우)62355,"해물,생선",'//t1.kakaocdn.net/thumb/T800x0.q80/?fname=http%3A%2F%2Ft1.daumcdn.net%2Fplace%2F286F48C6AFE84B3DB7B6A13B3CA2BA9B',https://place.map.kakao.com/10096868,3.466666666666667,2.6666666666666665
171,매일 10:00 ~ 01:00,대게수산,광주 서구 상무자유로 137-10 (우)61949,"게,대게",'//t1.kakaocdn.net/thumb/T800x0.q80/?fname=http%3A%2F%2Ft1.daumcdn.net%2Fplace%2FD7467C0F08FB41509595D2BCE2353117',https://place.map.kakao.com/9696113,3.0,2.6666666666666665
92,매일 09:00 ~ 24:00,카페304,광주 광산구 장신로 280-14 (우)62287,커피전문점,'//t1.kakaocdn.net/thumb/T800x0.q80/?fname=http%3A%2F%2Ft1.daumcdn.net%2Fplace%2F1EE8F5408E0549019D1C302DD12ACA45',https://place.map.kakao.com/421094811,1.6111111111111112,2.6666666666666665
271,매일 11:00 ~ 22:00,퍼스트네팔 3호점,광주 동구 서석로7번길 6-44 2층 (우)61484,아시아음식,'//t1.kakaocdn.net/thumb/T800x0.q80/?fname=http%3A%2F%2Ft1.daumcdn.net%2Fcfile%2F19582F394F61739711',https://place.map.kakao.com/10271895,4.787878787878788,2.6666666666666665
66,매일 00:00 ~ 24:00,첨단공원국밥 본점,광주 광산구 첨단중앙로182번길 24-3 (우)62274,국밥,'//t1.kakaocdn.net/thumb/T800x0.q80/?fname=http%3A%2F%2Ft1.daumcdn.net%2Fplace%2FADFD7BDCD87F41D1ACD84827A8486B73',https://place.map.kakao.com/8590645,3.3636363636363638,2.6666666666666665
7,매일 11:00 ~ 22:00,서울곱창,광주 광산구 송정로15번길 71 (우)62436,"곱창,막창",'//t1.kakaocdn.net/thumb/T800x0.q80/?fname=http%3A%2F%2Ft1.daumcdn.net%2Fplace%2FA0FDFEE1099F4E2B8A6D0EA1B86966A1',https://place.map.kakao.com/7943585,3.75,2.65625
31,매일 11:00 ~ 22:00,미드픽,광주 서구 운천로172번길 4 2층 (우)61989,카페,'//t1.kakaocdn.net/thumb/T800x0.q80/?fname=http%3A%2F%2Ft1.daumcdn.net%2Fplace%2F3D5D3E13253145AF900756D1DAF41011',https://place.map.kakao.com/866265837,4.115384615384615,2.6538461538461537
71,매일 11:00 ~ 22:00,월계수식당,광주 동구 충장로 102-11 2층 (우)61483,한식,'//t1.kakaocdn.net/thumb/T800x0.q80/?fname=http%3A%2F%2Ft1.daumcdn.net%2Fplace%2FDEA28037EA914821959C3DF80890E10E',https://place.map.kakao.com/8483180,2.25,2.642857142857143
125,"화,수,목,일 12:00 ~ 24:00",라운지OIC,"광주 광산구 임방울대로826번길 42 포플레이첨단 203,303호 (우)62277",양식,'//t1.kakaocdn.net/thumb/T800x0.q80/?fname=http%3A%2F%2Ft1.kakaocdn.net%2Ffiy_reboot%2Fplace%2F0A363EDC680843CC836A4897F9A2F8DC',https://place.map.kakao.com/954559229,3.857142857142857,2.642857142857143
84,수 11:30 ~ 21:30,박순자녹두집,광주 동구 구성로204번길 26 (우)61473,한식,'//t1.kakaocdn.net/thumb/T800x0.q80/?fname=http%3A%2F%2Ft1.daumcdn.net%2Fplace%2F08A090AE4F694115996FA93A415C969F',https://place.map.kakao.com/7895185,4.454545454545454,2.6363636363636362
53,매일 13:00 ~ 01:00,백두산,광주 서구 내방로209번길 10 1층 (우)61942,양꼬치,'//t1.kakaocdn.net/thumb/T800x0.q80/?fname=http%3A%2F%2Ft1.daumcdn.net%2Fplace%2F6BED9340A7504592B26F9F41FE51EEAB',https://place.map.kakao.com/20493574,4.363636363636363,2.6363636363636362
38,매일 00:00 ~ 24:00,영명국밥,광주 광산구 송정로8번길 5 (우)62437,국밥,'//t1.kakaocdn.net/thumb/T800x0.q80/?fname=http%3A%2F%2Ft1.daumcdn.net%2Fplace%2F3E33DF1103D54542B0D6175F51E0375E',https://place.map.kakao.com/16921162,3.6530612244897958,2.622448979591837
188,화~일 11:00 ~ 20:00,아르티오,"광주 남구 원산2길 3 1, 2층 (우)61752",카페,'//t1.kakaocdn.net/thumb/T800x0.q80/?fname=http%3A%2F%2Ft1.daumcdn.net%2Fplace%2F86F70359DE5042C9836B457CF3EF30EE',https://place.map.kakao.com/1111844338,4.571428571428571,2.619047619047619
32,매일 07:00 ~ 23:30,1969양동통닭,광주 서구 천변좌로 260-1 (우)61924,치킨,'//t1.kakaocdn.net/thumb/T800x0.q80/?fname=http%3A%2F%2Ft1.daumcdn.net%2Fcfile%2F14550C424F69774632',https://place.map.kakao.com/7997718,2.738095238095238,2.619047619047619
102,매일 11:30 ~ 22:00,남해가든,광주 남구 봉선로133번길 23 (우)61683,"육류,고기",'//t1.kakaocdn.net/thumb/T800x0.q80/?fname=http%3A%2F%2Ft1.daumcdn.net%2Fcfile%2F227B844354DD682B2E',https://place.map.kakao.com/21317832,3.1666666666666665,2.611111111111111
67,매일 11:30 ~ 23:00,상무초밥 봉선점,광주 남구 제석로 110 1층 (우)61702,"초밥,롤",'//t1.kakaocdn.net/thumb/T800x0.q80/?fname=http%3A%2F%2Ft1.daumcdn.net%2Fplace%2FBF975E83BA0D4D578B0E075EF41A0E09',https://place.map.kakao.com/1971911177,3.9210526315789473,2.6052631578947367
258,매일 09:00 ~ 21:30,궁전제과 운암점,광주 북구 서강로54번길 40 롯데캐슬 4동 상가 101호 (우)61258,"제과,베이커리",'//t1.kakaocdn.net/thumb/T800x0.q80/?fname=http%3A%2F%2Ft1.daumcdn.net%2Fplace%2F8C89F3652ED14E3C9D5575066AF63F7D',https://place.map.kakao.com/10226269,4.4,2.6
234,매일 07:00 ~ 22:00,베비에르과자점 풍암점,광주 서구 풍암중앙로 37 (우)62058,"제과,베이커리",'//t1.kakaocdn.net/thumb/T800x0.q80/?fname=http%3A%2F%2Ft1.daumcdn.net%2Fcfile%2F1550DC274BCFF42354',https://place.map.kakao.com/25044039,3.75,2.6
183,매일 10:00 ~ 24:00,월산공원,광주 남구 수박등로 53 1~3층 (우)61621,닭요리,'//t1.kakaocdn.net/thumb/T800x0.q80/?fname=http%3A%2F%2Ft1.daumcdn.net%2Fplace%2F2D45FDD78C1247C49E6216EC75EAFA03',https://place.map.kakao.com/9363867,3.0,2.6
94,매일 11:30 ~ 23:00,대게나라 수완점,광주 광산구 왕버들로 175 (우)62245,"게,대게",'//t1.kakaocdn.net/thumb/T800x0.q80/?fname=http%3A%2F%2Ft1.daumcdn.net%2Fplace%2FB239DEFA06D041C2A514C5DB0472256E',https://place.map.kakao.com/26099962,2.2666666666666666,2.6
256,매일 17:00 ~ 05:00,1943 상무점,광주 서구 시청로60번길 16 (우)61948,"호프,요리주점",'//t1.kakaocdn.net/thumb/T800x0.q80/?fname=http%3A%2F%2Ft1.daumcdn.net%2Fplace%2F438A99FA306343ECAD6DE1F69041E09B',https://place.map.kakao.com/742551762,3.8,2.6
239,매일 11:30 ~ 21:00,아웃백스테이크하우스 광주상무점,광주 서구 상무연하로 41 (우)61949,아웃백스테이크하우스,'//t1.kakaocdn.net/thumb/T800x0.q80/?fname=http%3A%2F%2Ft1.daumcdn.net%2Fplace%2F230D8D9C58544F60B1F73A9247B03009',https://place.map.kakao.com/8474977,3.3636363636363638,2.590909090909091
158,매일 17:00 ~ 02:00,패대기 본점,광주 광산구 임방울대로800번길 37 1층 (우)62277,"육류,고기",'//t1.kakaocdn.net/thumb/T800x0.q80/?fname=http%3A%2F%2Ft1.daumcdn.net%2Fplace%2F39D29A48991049F58ABDCFF4066DD7D9',https://place.map.kakao.com/443422065,4.805555555555555,2.5833333333333335
244,매일 11:30 ~ 22:00,오스테리아12,"광주 서구 상무대로673번길 19 1, 2층 (우)61955",양식,'//t1.kakaocdn.net/thumb/T800x0.q80/?fname=http%3A%2F%2Ft1.kakaocdn.net%2Ffiy_reboot%2Fplace%2FB4CD79EBC9DF47EC8FDEADC0F3028CE0',https://place.map.kakao.com/297322311,2.6666666666666665,2.5833333333333335
228,매일 11:30 ~ 21:00,캐쥬얼식당 수완점,광주 광산구 수완로48번길 41-2 1층 (우)62305,양식,'//t1.kakaocdn.net/thumb/T800x0.q80/?fname=http%3A%2F%2Ft1.daumcdn.net%2Fplace%2F65DA16735A6F4CE2BB32946E7BBC02DD',https://place.map.kakao.com/964099183,4.333333333333333,2.5833333333333335
14,매일 17:00 ~ 21:30,초돈,광주 광산구 수완로74번길 30-6 (우)62248,"육류,고기",'//t1.kakaocdn.net/thumb/T800x0.q80/?fname=http%3A%2F%2Ft1.daumcdn.net%2Fplace%2FF60992699D43490598787DAF6301C07B',https://place.map.kakao.com/2114253032,3.953125,2.578125
23,월~토 11:30 ~ 21:30,한우촌 상무본점,광주 서구 쌍촌로36번길 11-2 1층 (우)61993,"육류,고기",'//t1.kakaocdn.net/thumb/T800x0.q80/?fname=http%3A%2F%2Ft1.daumcdn.net%2Fplace%2F2363273544774FFF85E7A4C2A0DCACB8',https://place.map.kakao.com/24924592,4.142857142857143,2.5714285714285716
61,매일 11:00 ~ 21:00,커볶,광주 동구 지호로 161-7 (우)61447,커피전문점,'//t1.kakaocdn.net/thumb/T800x0.q80/?fname=http%3A%2F%2Ft1.daumcdn.net%2Fplace%2F07555FFD7D8D4E43A92CD6B453EDAD57',https://place.map.kakao.com/26078597,3.642857142857143,2.5714285714285716
173,매일 16:00 ~ 24:00,깐깐한족발 광주첨단본점,광주 광산구 첨단중앙로116번길 46 (우)62276,"족발,보쌈",'//t1.kakaocdn.net/thumb/T800x0.q80/?fname=http%3A%2F%2Ft1.daumcdn.net%2Flocalfiy%2F0CA6B1E49D2C4D53B562201A2D47FD3D',https://place.map.kakao.com/20808911,4.976190476190476,2.5714285714285716
132,매일 11:00 ~ 21:30,옥천면옥 본점,광주 북구 무등로 144 (우)61249,냉면,'//t1.kakaocdn.net/thumb/T800x0.q80/?fname=http%3A%2F%2Ft1.daumcdn.net%2Fcfile%2F02062A0379DC5F1D3A',https://place.map.kakao.com/8025577,2.7142857142857144,2.5714285714285716
107,매일 11:00 ~ 21:30,뜨락,광주 남구 화산로 105 (우)61711,쌈밥,'//t1.kakaocdn.net/thumb/T800x0.q80/?fname=http%3A%2F%2Ft1.daumcdn.net%2Fplace%2F75F33E99EFA5475C94099F917711400B',https://place.map.kakao.com/11010243,3.1875,2.5625
111,월~토 11:00 ~ 20:30,산수쌈밥,광주 동구 동계로 11 1층 (우)61430,쌈밥,'//t1.kakaocdn.net/thumb/T800x0.q80/?fname=http%3A%2F%2Ft1.kakaocdn.net%2Ffiy_reboot%2Fplace%2F07D7A2E618E74DBD9B7374EB9A97BEB0',https://place.map.kakao.com/2027994313,4.7368421052631575,2.56140350877193
279,매일 08:45 ~ 22:00,궁전제과 두암점,광주 북구 동문대로 92 (우)61198,"제과,베이커리",'//t1.kakaocdn.net/thumb/T800x0.q80/?fname=http%3A%2F%2Ft1.daumcdn.net%2Fcfile%2F222CCF4B51F5C1A81F',https://place.map.kakao.com/9671329,3.111111111111111,2.5555555555555554
187,매일 10:30 ~ 20:30,1960백선청원모밀,광주 동구 중앙로 174-1 (우)61483,국수,'//t1.kakaocdn.net/thumb/T800x0.q80/?fname=http%3A%2F%2Ft1.daumcdn.net%2Fplace%2FD7F5B1847599477AA2F133DD62AA192F',https://place.map.kakao.com/7928951,3.3333333333333335,2.5555555555555554
55,매일 11:30 ~ 20:30,돈페 하남점,광주 광산구 용아로399번길 51 다승빌딩 2층 202호 (우)62336,"돈까스,우동",'//t1.kakaocdn.net/thumb/T800x0.q80/?fname=http%3A%2F%2Ft1.daumcdn.net%2Fcfile%2F262E774D558B86E933',https://place.map.kakao.com/26851985,4.333333333333333,2.5555555555555554
46,매일 11:30 ~ 22:00,꽃담,광주 광산구 첨단과기로 109 (우)62253,"육류,고기",'//t1.kakaocdn.net/thumb/T800x0.q80/?fname=http%3A%2F%2Ft1.daumcdn.net%2Fplace%2F0B8BE8F0410744888B44B7F414C98088',https://place.map.kakao.com/8149074,3.0,2.5555555555555554
164,매일 11:00 ~ 21:30,초유지,광주 북구 하서로523번길 11 1층 (우)61015,갈비,'//t1.kakaocdn.net/thumb/T800x0.q80/?fname=http%3A%2F%2Ft1.daumcdn.net%2Fplace%2FDE0D7CC01156438081547F94C184C49F',https://place.map.kakao.com/8106325,3.45,2.55
77,매일 11:00 ~ 19:30,김강심칼국수 본점,광주 서구 회재로 841 (우)62070,칼국수,'//t1.kakaocdn.net/thumb/T800x0.q80/?fname=http%3A%2F%2Ft1.daumcdn.net%2Fcfile%2F11031E4E515BEE8B26',https://place.map.kakao.com/17073361,2.967741935483871,2.5483870967741935
73,매일 09:00 ~ 23:00,밀탑 상무점,광주 서구 상무자유로 27 홍타워 1층 (우)61953,카페,'//t1.kakaocdn.net/thumb/T800x0.q80/?fname=http%3A%2F%2Ft1.daumcdn.net%2Flocalfiy%2FABDCF8F1A0AC47D9AA76D80BC8D22511',https://place.map.kakao.com/366915375,3.1818181818181817,2.5454545454545454
236,매일 11:30 ~ 21:30,한식경,광주 동구 동명로25번길 6-1 1층 (우)61430,퓨전요리,'//t1.kakaocdn.net/thumb/T800x0.q80/?fname=http%3A%2F%2Ft1.daumcdn.net%2Fplace%2FF4CB589FCAF341D1B0417538695CDD5E',https://place.map.kakao.com/1026203456,3.272727272727273,2.5454545454545454
214,월~토 09:00 ~ 19:00,남가정,광주 동구 지호로 137-7 (우)61447,갈비,'//t1.kakaocdn.net/thumb/T800x0.q80/?fname=http%3A%2F%2Ft1.daumcdn.net%2Fplace%2FC457DD4794E442B884753E9A2CD0D9F4',https://place.map.kakao.com/17688549,3.090909090909091,2.5454545454545454
200,매일 00:00 ~ 24:00,뼈통묵은지감자탕 본점,광주 남구 서문대로 723 (우)61725,감자탕,'//t1.kakaocdn.net/thumb/T800x0.q80/?fname=http%3A%2F%2Ft1.daumcdn.net%2Fplace%2F060D1AE14AA24A45AF0BFA08FB8CE36B',https://place.map.kakao.com/10441344,3.1538461538461537,2.5384615384615383
42,매일 00:00 ~ 24:00,왕뼈사랑,광주 서구 무진대로 937 1층 (우)61915,해장국,'//t1.kakaocdn.net/thumb/T800x0.q80/?fname=http%3A%2F%2Ft1.daumcdn.net%2Fplace%2FB119FA0E3E9D4BAFB41D73ACAE60FF64',https://place.map.kakao.com/11919589,3.1538461538461537,2.5384615384615383
159,"월,화,수,목,토,일 10:00 ~ 23:30",코벤트마켓,광주 서구 마륵로 67 2층 (우)61955,카페,'//t1.kakaocdn.net/thumb/T800x0.q80/?fname=http%3A%2F%2Ft1.daumcdn.net%2Fplace%2F8C1A51A0CFE24687B111BCB1CA2BFF69',https://place.map.kakao.com/465528315,2.3846153846153846,2.5384615384615383
25,매일 11:30 ~ 22:00,솔빛마루 상무점,광주 서구 상무자유로 24-2 (우)61955,한정식,'//t1.kakaocdn.net/thumb/T800x0.q80/?fname=http%3A%2F%2Ft1.kakaocdn.net%2Ffiy_reboot%2Fplace%2FCDE0C4A9214440719FDE557B36120C03',https://place.map.kakao.com/740620389,3.3461538461538463,2.5384615384615383
113,월~토 11:30 ~ 22:00,함평천지한우가화원,"광주 서구 상무번영로 66 1,2층 (우)61946","육류,고기",'//t1.kakaocdn.net/thumb/T800x0.q80/?fname=http%3A%2F%2Ft1.kakaocdn.net%2Ffiy_reboot%2Fplace%2FC24455273D814F1A8D4EF71BDAF8296D',https://place.map.kakao.com/1094416949,4.461538461538462,2.5384615384615383
118,매일 11:00 ~ 22:00,칸세이스시,"광주 남구 제중로46번길 8-2 1,2층 (우)61640","초밥,롤",'//t1.kakaocdn.net/thumb/T800x0.q80/?fname=http%3A%2F%2Ft1.kakaocdn.net%2Ffiy_reboot%2Fplace%2FE05AED7ACF2642289E24917F8204D05F',https://place.map.kakao.com/665773538,3.7857142857142856,2.5357142857142856
2,매일 11:30 ~ 22:00,영미오리탕,광주 북구 경양로 126 1층 (우)61245,오리,'//t1.kakaocdn.net/thumb/T800x0.q80/?fname=http%3A%2F%2Ft1.daumcdn.net%2Fcfile%2F01062A037916C60CBC',https://place.map.kakao.com/8441874,3.3617021276595747,2.5319148936170213
1,월~토 11:00 ~ 21:00,명화식육식당,광주 광산구 평동로 421 (우)62459,"육류,고기",'//t1.kakaocdn.net/thumb/T800x0.q80/?fname=http%3A%2F%2Ft1.daumcdn.net%2Fplace%2FEC052A5D0E4D4A419BD094B7CA66C1F1',https://place.map.kakao.com/10332271,3.2,2.5272727272727273
150,매일 00:00 ~ 24:00,별미콩나물국밥집,광주 서구 상무연하로 61 1층 (우)61949,국밥,'//t1.kakaocdn.net/thumb/T800x0.q80/?fname=http%3A%2F%2Ft1.daumcdn.net%2Fcfile%2F1814DA434F697A2805',https://place.map.kakao.com/12421781,3.8260869565217392,2.5217391304347827
90,매일 09:30 ~ 21:00,하남꽃게장백반,광주 광산구 산정공원로59번길 10 (우)62334,"게,대게",'//t1.kakaocdn.net/thumb/T800x0.q80/?fname=http%3A%2F%2Ft1.daumcdn.net%2Fplace%2FDA727C337E554D5DAD0ED4E60E9F5DF4',https://place.map.kakao.com/21313776,4.3478260869565215,2.5217391304347827
225,매일 11:30 ~ 23:00,테스타,"광주 남구 백서로 58-1 1,2층 (우)61662",이탈리안,'//t1.kakaocdn.net/thumb/T800x0.q80/?fname=http%3A%2F%2Ft1.daumcdn.net%2Fplace%2FD4A1602284FA4B848BD7443A37F19298',https://place.map.kakao.com/86498710,2.8181818181818183,2.5
263,매일 10:30 ~ 19:30,1960백선청원모밀 상무직영점,광주 서구 상무화원로 1 (우)61960,국수,'//t1.kakaocdn.net/thumb/T800x0.q80/?fname=http%3A%2F%2Ft1.daumcdn.net%2Flocalfiy%2F3D8347A1E45D4AE499C6D02838EAFDD4',https://place.map.kakao.com/26607009,2.8333333333333335,2.5
281,매일 17:00 ~ 23:00,돼지세끼,광주 서구 군분로159번길 15-25 1층 (우)62047,"육류,고기",'//t1.kakaocdn.net/thumb/T800x0.q80/?fname=http%3A%2F%2Ft1.kakaocdn.net%2Ffiy_reboot%2Fplace%2F7016583CB19246919CCA624C6A43C3B4',https://place.map.kakao.com/1665111495,3.75,2.5
248,매일 10:00 ~ 22:00,제주도세기마을,광주 북구 저불로69번길 29 1층 (우)61109,"육류,고기",'//t1.kakaocdn.net/thumb/T800x0.q80/?fname=http%3A%2F%2Ft1.daumcdn.net%2Fplace%2F1B38AF502B284D9BADB1D97CB66C3902',https://place.map.kakao.com/19432807,5.0,2.5
282,매일 11:00 ~ 21:30,장수마을풍천장어,광주 서구 풍서우로 124 1층 (우)62011,장어,'//t1.kakaocdn.net/thumb/T800x0.q80/?fname=http%3A%2F%2Ft1.daumcdn.net%2Fplace%2FFD8D8A4513CF4537B71CE8E8B61D4AF9',https://place.map.kakao.com/14823951,4.166666666666667,2.5
153,매일 10:00 ~ 22:00,청담,광주 광산구 장신로147번길 6-5 (우)62247,일식집,'//t1.kakaocdn.net/thumb/T800x0.q80/?fname=http%3A%2F%2Ft1.daumcdn.net%2Fcfile%2F1874844E4D47703D17',https://place.map.kakao.com/12820139,2.75,2.5
237,매일 10:00 ~ 04:00,완도청정바다,광주 북구 태봉로 67 (우)61251,회,'//t1.kakaocdn.net/thumb/T800x0.q80/?fname=http%3A%2F%2Ft1.daumcdn.net%2Fplace%2F227E9FD55F5446FCAAF37D6D8797BA45',https://place.map.kakao.com/13620488,3.8125,2.5
88,매일 11:00 ~ 01:00,꾸쇼,광주 광산구 수완로74번길 30-5 1층 (우)62248,"육류,고기",'//t1.kakaocdn.net/thumb/T800x0.q80/?fname=http%3A%2F%2Ft1.kakaocdn.net%2Fmystore%2FEC30769CBDDF4C46BFE3AFCD85C8E14E',https://place.map.kakao.com/614594730,4.388888888888889,2.5
108,매일 11:00 ~ 01:00,수궁갈비,광주 광산구 수완로52번길 13 (우)62305,한식,'//t1.kakaocdn.net/thumb/T800x0.q80/?fname=http%3A%2F%2Ft1.kakaocdn.net%2Ffiy_reboot%2Fplace%2FD72998B92B3348BAA2BC4577A4ADDE6F',https://place.map.kakao.com/974080059,4.827586206896552,2.5
178,매일 10:00 ~ 22:00,한옥,광주 서구 운천로 223 1층 (우)61948,한식,'//t1.kakaocdn.net/thumb/T800x0.q80/?fname=http%3A%2F%2Ft1.daumcdn.net%2Fplace%2F10C9D7C930674A60BAB23474D01ED8BD',https://place.map.kakao.com/398383546,3.125,2.5
306,월~토 18:00 ~ 24:00,착한가리비 운암점,광주 북구 대자로 69 1층 (우)61261,조개,'//t1.kakaocdn.net/thumb/T800x0.q80/?fname=http%3A%2F%2Ft1.daumcdn.net%2Fplace%2F89FF72E8796E470DB41A2C14D1EEE851',https://place.map.kakao.com/910239333,5.0,2.5
218,수~일 11:30 ~ 19:30,오늘부터애간장,광주 북구 일곡마을로 121 1층 (우)61035,"게,대게",'//t1.kakaocdn.net/thumb/T800x0.q80/?fname=http%3A%2F%2Ft1.daumcdn.net%2Fplace%2F06E27C816F8D4BE18A30107362459C91',https://place.map.kakao.com/1350097386,3.1,2.5
230,매일 11:30 ~ 21:30,돈부리바쇼 유메노덴,광주 동구 동명로20번길 16 (우)61434,일식,'//t1.kakaocdn.net/thumb/T800x0.q80/?fname=http%3A%2F%2Ft1.daumcdn.net%2Fplace%2F885361F913B0442E9C8B84CB3F0D059E',https://place.map.kakao.com/662062950,3.9310344827586206,2.4827586206896552
41,"월,수,목,금,토,일 11:30 ~ 20:30",본디소,광주 남구 양촌길 29-2 1층 (우)61640,이탈리안,'//t1.kakaocdn.net/thumb/T800x0.q80/?fname=http%3A%2F%2Ft1.daumcdn.net%2Flocalfiy%2F3DB89B4B74D04968A49CD71812E82043',https://place.map.kakao.com/603646001,4.657894736842105,2.473684210526316
272,매일 10:00 ~ 22:00,예향정 전대점,광주 북구 호동로 5 1층 (우)61189,한식,'//t1.kakaocdn.net/thumb/T800x0.q80/?fname=http%3A%2F%2Ft1.daumcdn.net%2Flocalfiy%2FF01B99FC42414AD99105D807E3DDAEA7',https://place.map.kakao.com/1324485849,4.266666666666667,2.466666666666667
96,매일 11:30 ~ 22:00,민속촌 도청점,광주 동구 문화전당로 37-2 1층 (우)61487,갈비,'//t1.kakaocdn.net/thumb/T800x0.q80/?fname=http%3A%2F%2Ft1.daumcdn.net%2Fcfile%2F126813414F5AF9E71F',https://place.map.kakao.com/16692691,3.923076923076923,2.4615384615384617
28,매일 11:00 ~ 23:00,스트럭트,광주 동구 동명로14번길 14 (우)61434,카페,'//t1.kakaocdn.net/thumb/T800x0.q80/?fname=http%3A%2F%2Ft1.daumcdn.net%2Fplace%2FAD1F4B3F709F4E45AD6B42EC200F5DE9',https://place.map.kakao.com/406153588,3.6,2.4571428571428573
21,월~토 11:00 ~ 22:00,밤실마을,광주 북구 밤실로 163-9 (우)61163,"육류,고기",'//t1.kakaocdn.net/thumb/T800x0.q80/?fname=http%3A%2F%2Ft1.daumcdn.net%2Fplace%2F17CA802249EA4CCE8F7110A13D769894',https://place.map.kakao.com/20204597,4.470588235294118,2.450980392156863
220,설당일                                                                                     ,바른한우,광주 서구 상무공원로 1 1층 (우)61960,"육류,고기",'//t1.kakaocdn.net/thumb/T800x0.q80/?fname=http%3A%2F%2Ft1.kakaocdn.net%2Fmystore%2FE68ABEBC85D048E4AAB880915D96C548',https://place.map.kakao.com/217712975,4.9,2.45
24,매일 00:00 ~ 24:00,진식당 본점,광주 북구 중흥로 105 1층 (우)61251,"해물,생선",'//t1.kakaocdn.net/thumb/T800x0.q80/?fname=http%3A%2F%2Ft1.daumcdn.net%2Fplace%2F9E2AC742339C4CBEB840F8F7F35D5144',https://place.map.kakao.com/27270629,3.1,2.45
12,월~토 11:00 ~ 21:00,나주식당,광주 동구 동계천로53번길 2 (우)61428,국밥,'//t1.kakaocdn.net/thumb/T800x0.q80/?fname=http%3A%2F%2Ft1.daumcdn.net%2Fplace%2F071F8BE02B0F49AC9D4976EE34C021CC',https://place.map.kakao.com/16634139,4.294117647058823,2.447058823529412
289,월~토 08:00 ~ 21:00,용쓰91김밥,광주 서구 죽봉대로 99 1층 (우)61915,분식,'//t1.kakaocdn.net/thumb/T800x0.q80/?fname=http%3A%2F%2Ft1.daumcdn.net%2Fplace%2F23E6989C89B04BADAA69A97AFCB91CF1',https://place.map.kakao.com/1828063440,3.7777777777777777,2.4444444444444446
175,매일 06:00 ~ 23:30,수일통닭 본점,광주 서구 천변좌로262번길 1-1 (우)61925,치킨,'//t1.kakaocdn.net/thumb/T800x0.q80/?fname=http%3A%2F%2Ft1.daumcdn.net%2Fcfile%2F2075D0434F6977BE1A',https://place.map.kakao.com/10549162,3.2222222222222223,2.4444444444444446
56,매일 11:30 ~ 22:00,소코아 상무점,광주 서구 상무중앙로 86 1층 (우)61949,일식,'//t1.kakaocdn.net/thumb/T800x0.q80/?fname=http%3A%2F%2Ft1.daumcdn.net%2Fplace%2FB7585E01927643668730087E7518FB72',https://place.map.kakao.com/251024408,4.043478260869565,2.4347826086956523
106,매일 11:00 ~ 22:00,김연수해물나라,광주 북구 모룡대길 47 (우)61029,"해물,생선",'//t1.kakaocdn.net/thumb/T800x0.q80/?fname=http%3A%2F%2Ft1.daumcdn.net%2Fplace%2F3CE77F2CEC824D83A9C2095850CEFBF0',https://place.map.kakao.com/1361806041,3.0714285714285716,2.4285714285714284
44,매일 09:00 ~ 21:00,원조나주곰탕하얀집 운암점,광주 북구 북문대로 160 (우)61102,곰탕,'//t1.kakaocdn.net/thumb/T800x0.q80/?fname=http%3A%2F%2Ft1.daumcdn.net%2Fplace%2FF8BB42A3E9B04654BD9CC8AB54DCA7B0',https://place.map.kakao.com/15112497,3.107142857142857,2.4285714285714284
227,매일 14:00 ~ 05:00,꽃돼지연탄구이,광주 서구 운천로204번길 7-1 1층 (우)61965,"육류,고기",'//t1.kakaocdn.net/thumb/T800x0.q80/?fname=http%3A%2F%2Ft1.daumcdn.net%2Fplace%2F426CFDF4F9CA499A9783DB23FA0E94AB',https://place.map.kakao.com/27488484,4.428571428571429,2.4285714285714284
152,매일 16:00 ~ 01:00,착한해물,광주 북구 설죽로 239-12 1층 (우)61106,"매운탕,해물탕",'//t1.kakaocdn.net/thumb/T800x0.q80/?fname=http%3A%2F%2Ft1.daumcdn.net%2Fplace%2F8D6E8EB4994A4E2680DCCED8D205542B',https://place.map.kakao.com/27222156,2.2857142857142856,2.4285714285714284
59,화~일 11:00 ~ 20:00,광주제일햄버고,광주 동구 구성로194번길 23 (우)61473,햄버거,'//t1.kakaocdn.net/thumb/T800x0.q80/?fname=http%3A%2F%2Ft1.daumcdn.net%2Fplace%2FD7B7FE6809AC4ADAB2E50C3F76CB2E92',https://place.map.kakao.com/1100449202,2.357142857142857,2.4285714285714284
198,월~금 10:30 ~ 20:30,예향식당,광주 동구 중앙로 150-4 (우)61484,한식,'//t1.kakaocdn.net/thumb/T800x0.q80/?fname=http%3A%2F%2Ft1.daumcdn.net%2Fplace%2F974DF47C580C4F9ABC4D981BA7500EF4',https://place.map.kakao.com/11834461,3.8947368421052633,2.4210526315789473
62,월~토 11:00 ~ 19:00,호야분식,광주 광산구 수등로 280 (우)62299,분식,'//t1.kakaocdn.net/thumb/T800x0.q80/?fname=http%3A%2F%2Ft1.kakaocdn.net%2Ffiy_reboot%2Fplace%2FA0664A575D804165BA5C4BAB1A2BCB94',https://place.map.kakao.com/21363463,4.666666666666667,2.4166666666666665
181,매일 11:30 ~ 22:00,금수저은수저,광주 광산구 신창로166번길 24 (우)62251,퓨전요리,'//t1.kakaocdn.net/thumb/T800x0.q80/?fname=http%3A%2F%2Ft1.daumcdn.net%2Fcfile%2F160BAB344EA8CD8C29',https://place.map.kakao.com/12341289,3.5833333333333335,2.4166666666666665
34,매일 11:30 ~ 23:00,보향미,광주 광산구 첨단중앙로124번길 41 (우)62276,"족발,보쌈",'//t1.kakaocdn.net/thumb/T800x0.q80/?fname=http%3A%2F%2Ft1.daumcdn.net%2Fplace%2F49625CD1BAE8434A9CE2D55652A2E24E',https://place.map.kakao.com/1021725989,4.343283582089552,2.4029850746268657
233,월~토 09:00 ~ 00:00,퍼니스 카페앤라운지,광주 서구 천변좌하로 192 (우)61953,카페,'//t1.kakaocdn.net/thumb/T800x0.q80/?fname=http%3A%2F%2Ft1.daumcdn.net%2Fplace%2FA6BC48F11DE249FB83E7E1D0CE467415',https://place.map.kakao.com/1806396298,2.9,2.4
266,"월,화,수,목,일 16:00 ~ 02:00",동경화로 상무본점,광주 서구 시청로60번길 21-9 콜롬버스씨네마 101호 (우)61948,"육류,고기",'//t1.kakaocdn.net/thumb/T800x0.q80/?fname=http%3A%2F%2Ft1.daumcdn.net%2Fplace%2FC4C1A282AF22490F93CED5B9557FCC64',https://place.map.kakao.com/1695051001,4.6,2.4
112,매일 11:30 ~ 20:30,행복한임금님 서광주점,광주 서구 풍서우로 196 (우)62010,한정식,'//t1.kakaocdn.net/thumb/T800x0.q80/?fname=http%3A%2F%2Ft1.daumcdn.net%2Fplace%2FD3181D5F13054B519B497924F78580D8',https://place.map.kakao.com/22763959,3.4,2.4
147,매일 11:30 ~ 22:00,백년한우 양산본점,광주 북구 연양로67번길 5 (우)61071,"육류,고기",'//t1.kakaocdn.net/thumb/T800x0.q80/?fname=http%3A%2F%2Ft1.daumcdn.net%2Fplace%2FCB62553021034441968284A189047E83',https://place.map.kakao.com/1765736334,3.0,2.4
304,매일 10:00 ~ 22:00,세컨드원 광주수완1호점,광주 광산구 임방울대로 611-23 (우)62244,디저트카페,'//t1.kakaocdn.net/thumb/T800x0.q80/?fname=http%3A%2F%2Ft1.daumcdn.net%2Flocalfiy%2Fsearchregister_251020808',https://place.map.kakao.com/1628849467,3.4571428571428573,2.4
197,매일 11:30 ~ 22:00,어반레시피,광주 동구 의재로136번길 10 (우)61494,양식,'//t1.kakaocdn.net/thumb/T800x0.q80/?fname=http%3A%2F%2Ft1.daumcdn.net%2Fplace%2F9E2937660F6543AFA327DA12E0ADDFC6',https://place.map.kakao.com/1952015882,2.8666666666666667,2.4
199,매일 16:00 ~ 24:00,신쭈꾸미 상무본점,광주 서구 시청서편로4번길 16 (우)61944,"해물,생선",'//t1.kakaocdn.net/thumb/T800x0.q80/?fname=http%3A%2F%2Ft1.daumcdn.net%2Fplace%2FDD27E76E5E3746D3AFF77C7827E84668',https://place.map.kakao.com/8402582,3.8461538461538463,2.3846153846153846
156,매일 00:00 ~ 21:30,도깨비마을 본점,광주 북구 중흥로 81 (우)61250,한식,'//t1.kakaocdn.net/thumb/T800x0.q80/?fname=http%3A%2F%2Ft1.daumcdn.net%2Fplace%2FE6E5B17BCD7F4C0C9D5FDAB1450AE094',https://place.map.kakao.com/10309755,4.125,2.375
278,매일 11:30 ~ 22:00,정남진장흥한우 매곡점,광주 북구 서하로 129 1층 (우)61062,"육류,고기",'//t1.kakaocdn.net/thumb/T800x0.q80/?fname=http%3A%2F%2Ft1.kakaocdn.net%2Fmystore%2FB09207E5FAD94B1C84F7851742D7C087',https://place.map.kakao.com/1484191659,3.875,2.375
139,매일 00:00 ~ 24:00,어등뼈해장국보쌈,광주 광산구 무진대로231번길 30-21 (우)62359,해장국,'//t1.kakaocdn.net/thumb/T800x0.q80/?fname=http%3A%2F%2Ft1.daumcdn.net%2Fplace%2F170CD1ABCFB24761B7D21AC0E3E75B8D',https://place.map.kakao.com/15872701,3.3125,2.375
40,매일 11:00 ~ 22:00,매월농원,광주 서구 전평길 66 (우)62070,오리,'//t1.kakaocdn.net/thumb/T800x0.q80/?fname=http%3A%2F%2Ft1.daumcdn.net%2Fcfile%2F02062A0379DCC018CB',https://place.map.kakao.com/10347846,3.736842105263158,2.3684210526315788
276,매일 09:10 ~ 00:20,뼈대있는집,광주 북구 호동로 28 1층 (우)61190,감자탕,'//t1.kakaocdn.net/thumb/T800x0.q80/?fname=http%3A%2F%2Ft1.daumcdn.net%2Fplace%2FD3126785D151410FAFE94626B6609B95',https://place.map.kakao.com/27503877,2.090909090909091,2.3636363636363638
135,"월,화,수,목,일 11:30 ~ 24:00",마루요시 첨단점,광주 광산구 임방울대로800번길 27 1층 (우)62277,"초밥,롤",'//t1.kakaocdn.net/thumb/T800x0.q80/?fname=http%3A%2F%2Ft1.daumcdn.net%2Flocalfiy%2F7B6F3F61F9804E9EBBB7210986A8C065',https://place.map.kakao.com/1829053678,3.857142857142857,2.357142857142857
37,매일 11:30 ~ 21:30,명지원명가,광주 서구 운천로 237 (우)61948,"육류,고기",'//t1.kakaocdn.net/thumb/T800x0.q80/?fname=http%3A%2F%2Ft1.daumcdn.net%2Fcfile%2F2339F249515CC3F301',https://place.map.kakao.com/19157107,3.0,2.357142857142857
264,매일 10:00 ~ 21:00,원조금호꽃게장,광주 광산구 동곡로 161-20 (우)62461,"게,대게",'//t1.kakaocdn.net/thumb/T800x0.q80/?fname=http%3A%2F%2Ft1.daumcdn.net%2Fplace%2F3491A7B0643F412AB15F90CEE623FC0C',https://place.map.kakao.com/8694807,3.4444444444444446,2.3333333333333335
210,매일 08:45 ~ 22:00,궁전제과 염주점,광주 서구 월드컵4강로 44 1층 (우)62042,"제과,베이커리",'//t1.kakaocdn.net/thumb/T800x0.q80/?fname=http%3A%2F%2Ft1.daumcdn.net%2Fplace%2FB76A5CB4F6FD40B0BD4740D4201DFE93',https://place.map.kakao.com/8215284,4.0,2.3333333333333335
165,월~토 11:00 ~ 22:00,09바다장어,광주 광산구 사암로390번길 13-22 1층 (우)62328,장어,'//t1.kakaocdn.net/thumb/T800x0.q80/?fname=http%3A%2F%2Ft1.kakaocdn.net%2Fmystore%2FED2FBB060DAC4C74A3D36CE3C86EE6DA',https://place.map.kakao.com/577878558,4.666666666666667,2.3333333333333335
47,매일 00:00 ~ 24:00,갤러리24카페,광주 서구 천변좌로 14 1층 (우)61917,갤러리카페,'//t1.kakaocdn.net/thumb/T800x0.q80/?fname=http%3A%2F%2Ft1.daumcdn.net%2Fplace%2F1A5950C5DA6046B1A5E24908F2A508DA',https://place.map.kakao.com/1177510294,4.416666666666667,2.3333333333333335
295,화~일 11:00 ~ 21:00,당산나무집 본점,광주 남구 봉선중길 4 1층 (우)61671,한식,'//t1.kakaocdn.net/thumb/T800x0.q80/?fname=http%3A%2F%2Ft1.daumcdn.net%2Flocalfiy%2F39AFB2D7105342AB99EB6F8886020388',https://place.map.kakao.com/702183874,4.277777777777778,2.3333333333333335
101,화~일 11:00 ~ 22:00,해안식당 첨단점,광주 광산구 임방울대로801번길 12 (우)62275,한식,'//t1.kakaocdn.net/thumb/T800x0.q80/?fname=http%3A%2F%2Ft1.kakaocdn.net%2Fmystore%2F8D571FB6431E4268AC3E079DB06597AC',https://place.map.kakao.com/1612438471,3.5833333333333335,2.3333333333333335
213,매일 11:30 ~ 21:30,토방,광주 광산구 산월로21번길 10 (우)62268,한식,'//t1.kakaocdn.net/thumb/T800x0.q80/?fname=http%3A%2F%2Ft1.daumcdn.net%2Fplace%2F824668633F51427DBA9D8719A949F420',https://place.map.kakao.com/10015700,4.066666666666666,2.3333333333333335
298,2023년 4월 1일  ~ 2023년 4월 16일,정글북,광주 동구 백서로125번길 8-1 (우)61487,북카페,'//t1.kakaocdn.net/thumb/T800x0.q80/?fname=http%3A%2F%2Ft1.daumcdn.net%2Flocalfiy%2F93363B312C3443E1B39AAFF2C00FDABE',https://place.map.kakao.com/1258145226,4.526315789473684,2.3157894736842106
247,매일 11:30 ~ 23:00,미스터초밥 방림DT점,광주 남구 대남대로 85 2층 (우)61666,"초밥,롤",'//t1.kakaocdn.net/thumb/T800x0.q80/?fname=http%3A%2F%2Ft1.daumcdn.net%2Fplace%2F2A4C140D1BB347F6A008DC605E43D842',https://place.map.kakao.com/1936572119,2.8,2.3
87,매일 10:40 ~ 21:00,송원식육식당,광주 광산구 평동로800번길 13 (우)62420,"육류,고기",'//t1.kakaocdn.net/thumb/T800x0.q80/?fname=http%3A%2F%2Ft1.daumcdn.net%2Fplace%2FBFB3B1EF0AAF423ABA3172D6059E264E',https://place.map.kakao.com/9868850,3.740740740740741,2.2962962962962963
182,"월,수,목,금,토,일 11:30 ~ 21:00",어니스트식스티,광주 남구 백서로 98 (우)61662,양식,'//t1.kakaocdn.net/thumb/T800x0.q80/?fname=http%3A%2F%2Ft1.daumcdn.net%2Fplace%2F6584EC001DA54E219CCB0E233326F355',https://place.map.kakao.com/2054330893,3.857142857142857,2.2857142857142856
64,매일 17:00 ~ 01:00,삼일집,광주 북구 호동로15번길 50 1층 (우)61189,"육류,고기",'//t1.kakaocdn.net/thumb/T800x0.q80/?fname=http%3A%2F%2Ft1.kakaocdn.net%2Ffiy_reboot%2Fplace%2F23A9C922A1D44BAAA8EAD534DCD01A67',https://place.map.kakao.com/1480682796,3.9444444444444446,2.2777777777777777
280,매일 11:30 ~ 22:00,마루샤브 수완점,광주 광산구 장신로 62 2층 (우)62225,샤브샤브,'//t1.kakaocdn.net/thumb/T800x0.q80/?fname=http%3A%2F%2Ft1.daumcdn.net%2Fcfile%2F2571264B540514E10B',https://place.map.kakao.com/20023547,2.8181818181818183,2.272727272727273
202,매일 08:00 ~ 20:30,창억떡집 동명점,광주 동구 동계천로 170 (우)61436,"떡,한과",'//t1.kakaocdn.net/thumb/T800x0.q80/?fname=http%3A%2F%2Ft1.daumcdn.net%2Fcfile%2F184A2515C5AD593CF6',https://place.map.kakao.com/8102943,3.5454545454545454,2.272727272727273
15,매일 10:30 ~ 23:00,테이트모던,광주 서구 상무대로673번길 24 (우)61955,양식,'//t1.kakaocdn.net/thumb/T800x0.q80/?fname=http%3A%2F%2Ft1.daumcdn.net%2Fplace%2F16E84DB5A3374E26B5EE351CB1C685A5',https://place.map.kakao.com/1432794635,3.9615384615384617,2.269230769230769
260,매일 12:00 ~ 22:00,섬진강,광주 서구 신촌길 20 1층 (우)61998,한식,'//t1.kakaocdn.net/thumb/T800x0.q80/?fname=http%3A%2F%2Ft1.daumcdn.net%2Fcfile%2F175280334FD0260823',https://place.map.kakao.com/21222889,3.6666666666666665,2.25
196,매일 11:00 ~ 22:00,도토리편백집 광주상무점,광주 서구 상무중앙로78번길 5-6 (우)61949,"육류,고기",'//t1.kakaocdn.net/thumb/T800x0.q80/?fname=http%3A%2F%2Ft1.daumcdn.net%2Fplace%2F4959E894D7B6433CA2BB24D1CC82646D',https://place.map.kakao.com/720513141,3.0,2.25
50,월~토 11:30 ~ 21:30,한우촌,광주 서구 운천로162번길 10 1층 (우)61989,"육류,고기",'//t1.kakaocdn.net/thumb/T800x0.q80/?fname=http%3A%2F%2Ft1.daumcdn.net%2Fplace%2F19573CEB920C4CEC893A272C2D6E5133',https://place.map.kakao.com/10934939,2.625,2.25
141,매일 11:00 ~ 22:00,소촌옥숯불갈비,광주 광산구 소촌로 155 (우)62382,갈비,'//t1.kakaocdn.net/thumb/T800x0.q80/?fname=http%3A%2F%2Ft1.daumcdn.net%2Fplace%2F3749DC58EE8E42BA8E0A7E906B150088',https://place.map.kakao.com/1858390334,3.888888888888889,2.2222222222222223
122,매일 12:00 ~ 24:00,해뜰날 1호점,광주 북구 저불로 81 1층 (우)61107,회,'//t1.kakaocdn.net/thumb/T800x0.q80/?fname=http%3A%2F%2Ft1.daumcdn.net%2Fplace%2FFFEAA0C07E6B4A0595F16FA3C094BBAE',https://place.map.kakao.com/27059063,2.8666666666666667,2.2
16,매일 11:00 ~ 22:00,마천루,광주 서구 월드컵4강로 236 2층 (우)61971,중국요리,'//t1.kakaocdn.net/thumb/T800x0.q80/?fname=http%3A%2F%2Ft1.daumcdn.net%2Fplace%2FA3A3800A535D42CFB762417F194A5486',https://place.map.kakao.com/9767534,3.5714285714285716,2.1904761904761907
27,화~토 00:00 ~ 24:00,미풍해장국 광주상무점,광주 서구 시청로20번길 11 1층 (우)61964,한식,'//t1.kakaocdn.net/thumb/T800x0.q80/?fname=http%3A%2F%2Ft1.kakaocdn.net%2Fmystore%2FC244D90A23994A33BC130499D4994B07',https://place.map.kakao.com/1055216212,4.296296296296297,2.185185185185185
149,"월,화,수,목,금,일 10:30 ~ 22:00",예향정 첨단점,광주 광산구 첨단중앙로152번길 31-13 1층 (우)62274,한식,'//t1.kakaocdn.net/thumb/T800x0.q80/?fname=http%3A%2F%2Ft1.daumcdn.net%2Fplace%2F6A29DB0EA6F343B086D59CA35C00C4B1',https://place.map.kakao.com/1274408013,4.181818181818182,2.1818181818181817
265,월~토 11:00 ~ 22:00,막동이회관,광주 동구 남문로 614 (우)61500,"육류,고기",'//t1.kakaocdn.net/thumb/T800x0.q80/?fname=http%3A%2F%2Ft1.daumcdn.net%2Fplace%2F6316844E42F94425BD3F1A0E57F2137A',https://place.map.kakao.com/8962407,3.3636363636363638,2.1818181818181817
136,월요일                                                                                    ,데이오프나이트,광주 동구 동명로26번길 5 1층 (우)61434,카페,'//t1.kakaocdn.net/thumb/T800x0.q80/?fname=http%3A%2F%2Ft1.daumcdn.net%2Fplace%2F2121ED92C00A437F909A2F84B76CE22D',https://place.map.kakao.com/472974733,3.9285714285714284,2.1785714285714284
170,매일 11:00 ~ 21:00,온고당,광주 서구 개산길 13-11 1층 (우)62070,한정식,'//t1.kakaocdn.net/thumb/T800x0.q80/?fname=http%3A%2F%2Ft1.daumcdn.net%2Fplace%2FC14F2A99C32A4968BBEB992DC699C2A8',https://place.map.kakao.com/221975285,2.3076923076923075,2.1538461538461537
235,화~일 12:00 ~ 21:00,모노라보르,광주 북구 일곡마을로 148 2층 (우)61035,갤러리카페,'//t1.kakaocdn.net/thumb/T800x0.q80/?fname=http%3A%2F%2Ft1.daumcdn.net%2Fplace%2F1FA7682009884FDD89BBE7C5F26CC3DA',https://place.map.kakao.com/959190882,4.461538461538462,2.1538461538461537
194,매일 12:00 ~ 22:30,여기카페,광주 동구 장동로 15-1 (우)61436,카페,'//t1.kakaocdn.net/thumb/T800x0.q80/?fname=http%3A%2F%2Ft1.daumcdn.net%2Fplace%2FD837938385C945E7A6F826C53F2C546C',https://place.map.kakao.com/1692969948,4.0,2.142857142857143
58,매일 11:00 ~ 23:00,한해물하네 광주첨단점,광주 광산구 임방울대로826번길 30 (우)62277,"해물,생선",'//t1.kakaocdn.net/thumb/T800x0.q80/?fname=http%3A%2F%2Ft1.daumcdn.net%2Fplace%2F9DD9EA988454427786BB1E4918C46FAE',https://place.map.kakao.com/25976260,2.25,2.125
45,매일 10:00 ~ 23:00,카페가배당,광주 서구 눌재로 434 (우)62076,커피전문점,'//t1.kakaocdn.net/thumb/T800x0.q80/?fname=http%3A%2F%2Ft1.daumcdn.net%2Fplace%2FE7AE462B5A3042908400071FE663CE26',https://place.map.kakao.com/77868830,2.5,2.111111111111111
221,매일 11:50 ~ 22:00,호가담,광주 광산구 사암로216번길 20-3 1층 (우)62355,갈비,'//t1.kakaocdn.net/thumb/T800x0.q80/?fname=http%3A%2F%2Ft1.daumcdn.net%2Fplace%2F537036A022594EA2B216D7DB3FFFEBE5',https://place.map.kakao.com/24891627,4.9,2.1
65,매일 11:00 ~ 20:40,쌍교숯불갈비 노대점,"광주 남구 효덕로 128 2, 3층 (우)61747",한식,'//t1.kakaocdn.net/thumb/T800x0.q80/?fname=http%3A%2F%2Ft1.kakaocdn.net%2Fmystore%2F6CDA95667D2242A58F984E643590F39D',https://place.map.kakao.com/1385411482,4.846153846153846,2.076923076923077
72,설당일                                                                                     ,창억떡 광주점,광주 북구 경열로 242 (우)61238,"떡,한과",'//t1.kakaocdn.net/thumb/T800x0.q80/?fname=http%3A%2F%2Ft1.daumcdn.net%2Fplace%2FEFA330CAC3CC425794E05287801585B2',https://place.map.kakao.com/17152068,2.7857142857142856,2.0714285714285716
243,기타 (12:00~제품 소진시),박소영왕만두왕찐빵,광주 북구 대자로 64 1층 103호 (우)61262,분식,'//t1.kakaocdn.net/thumb/T800x0.q80/?fname=http%3A%2F%2Ft1.daumcdn.net%2Fplace%2FB85719C85ECF42248FB8A08017892933',https://place.map.kakao.com/27608887,4.571428571428571,2.0357142857142856
242,매일 11:30 ~ 22:00,해동활어,광주 서구 상무대로 653-1 (우)61955,회,'//t1.kakaocdn.net/thumb/T800x0.q80/?fname=http%3A%2F%2Ft1.daumcdn.net%2Fplace%2F4DD999C88B484F059471775DDEB78BEE',https://place.map.kakao.com/8595633,4.0,2.0
288,매일 10:00 ~ 21:30,산일능이버섯백숙 상무점,"광주 서구 마륵복개로 74 1,2층 (우)61999",오리,'//t1.kakaocdn.net/thumb/T800x0.q80/?fname=http%3A%2F%2Ft1.daumcdn.net%2Fplace%2F012D9F8B2DFD476C9F90901521699F88',https://place.map.kakao.com/23981531,2.3333333333333335,2.0
238,매일 11:00 ~ 22:00,태화오리탕,광주 북구 중가로37번길 30-4 (우)61245,오리,'//t1.kakaocdn.net/thumb/T800x0.q80/?fname=http%3A%2F%2Ft1.daumcdn.net%2Fplace%2F8F71BEF41BA446C0A43C5FDCD218D047',https://place.map.kakao.com/10897211,4.5,2.0
166,매일 11:30 ~ 22:00,건영회수산 1호점,광주 북구 저불로39번길 9 2층 (우)61110,회,'//t1.kakaocdn.net/thumb/T800x0.q80/?fname=http%3A%2F%2Ft1.daumcdn.net%2Fplace%2F1B1EDC29CB794002B3F341B9CD208B4E',https://place.map.kakao.com/10174032,3.3333333333333335,2.0
192,첫째 월요일                                                                                    ,어등회관,광주 광산구 내상로15번길 40 (우)62428,한식,'//t1.kakaocdn.net/thumb/T800x0.q80/?fname=http%3A%2F%2Ft1.daumcdn.net%2Fplace%2FA6FA45047B144BA3B6EB98662A2D4B51',https://place.map.kakao.com/17025759,2.3333333333333335,2.0
91,매일 11:00 ~ 23:00,동산회관,광주 북구 우치로90번길 12-1 (우)61189,한정식,'//t1.kakaocdn.net/thumb/T800x0.q80/?fname=http%3A%2F%2Ft1.daumcdn.net%2Fplace%2F538E7051ADB8427D8E46B50AC488C9B2',https://place.map.kakao.com/14517683,4.375,2.0
146,월~토 11:30 ~ 22:00,토방닭매운탕,광주 북구 동문대로 130-1 1층 (우)61199,닭요리,'//t1.kakaocdn.net/thumb/T800x0.q80/?fname=http%3A%2F%2Ft1.daumcdn.net%2Fplace%2F037B2AFC02FF49428340636FC1BB3D37',https://place.map.kakao.com/320726753,4.6923076923076925,1.9230769230769231
35,매일 11:30 ~ 23:00,대게나라 상무점,"광주 서구 운천로 213 108호, 109호 (우)61964",한식,'//t1.kakaocdn.net/thumb/T800x0.q80/?fname=http%3A%2F%2Ft1.daumcdn.net%2Fplace%2FCEE7C19739D4427FBD5349E0E62F4085',https://place.map.kakao.com/27173394,3.272727272727273,1.9090909090909092
99,매일 11:30 ~ 24:00,마루요시상무점,광주 서구 상무번영로 4 (우)61964,일식,'//t1.kakaocdn.net/thumb/T800x0.q80/?fname=http%3A%2F%2Ft1.daumcdn.net%2Fplace%2FB3482F6D57D44F73A6D5221513008C3F',https://place.map.kakao.com/1314272674,3.3,1.9
167,매일 09:00 ~ 22:00,원조장수갈비,광주 북구 하서로 450 1층 (우)61020,갈비,'//t1.kakaocdn.net/thumb/T800x0.q80/?fname=http%3A%2F%2Ft1.daumcdn.net%2Fplace%2F45D30AE9E1E74855923B710D5B5D084B',https://place.map.kakao.com/10693077,4.125,1.875
114,"월,수,목,금,토,일 11:00 ~ 20:00",꽃피는춘삼월,광주 동구 선교로 50 (우)61512,전통찻집,'//t1.kakaocdn.net/thumb/T800x0.q80/?fname=http%3A%2F%2Ft1.daumcdn.net%2Fplace%2F46099023DB754333A00C3333F71C4A8B',https://place.map.kakao.com/393047900,2.6,1.8
93,화~일 11:30 ~ 22:00,정광석항아리보쌈 첨단점,"광주 광산구 첨단강변로87번길 5 야스텍타워 1층 101, 102호 (우)62279","족발,보쌈",'//t1.kakaocdn.net/thumb/T800x0.q80/?fname=http%3A%2F%2Ft1.kakaocdn.net%2Fmystore%2F7B3D2FCF78AD412D8631868B7E14530B',https://place.map.kakao.com/1832748785,4.0,1.8
138,매일 10:00 ~ 23:00,시골집,광주 서구 내방로398번길 4 1층 (우)61934,"육류,고기",'//t1.kakaocdn.net/thumb/T800x0.q80/?fname=http%3A%2F%2Ft1.daumcdn.net%2Fplace%2FF5D2169113FF4E4783BFD08000447C18',https://place.map.kakao.com/12831220,3.4,1.8
155,매일 11:00 ~ 22:00,닭꿈,광주 북구 하서로241번길 41 13호 (우)61091,닭요리,'//t1.kakaocdn.net/thumb/T800x0.q80/?fname=http%3A%2F%2Ft1.daumcdn.net%2Fplace%2F4D6AE6BE2E384D44921258A3E3FD8EC4',https://place.map.kakao.com/27312602,5.0,1.6666666666666667
48,매일 09:30 ~ 21:30,상무옥,광주 서구 서광주로 181 (우)61999,갈비,'//t1.kakaocdn.net/thumb/T800x0.q80/?fname=http%3A%2F%2Ft1.daumcdn.net%2Fplace%2FD89C557CC0734AA69124A2ED9F901D6B',https://place.map.kakao.com/1154073162,3.125,1.625
