,영업 시간,가게명,카카오 url,별점평균,예측별점평균,이미지url,업종,메뉴
98,월~토 17:00 ~ 24:00,순수산,https://place.map.kakao.com/926945652,3.823529411764706,3.764705882352941,'//t1.kakaocdn.net/thumb/T800x0.q80/?fname=http%3A%2F%2Ft1.daumcdn.net%2Fplace%2F657E322909194F78B46636D4D22BEBCA',회,모듬회 (2인) 숙성도미회 광어회 연어 단새우회 아보카도 청어회김말이
172,"월,수,목,금,토,일 10:00 ~ 18:30",제니스뷔페 달서점,https://place.map.kakao.com/24449538,4.2,3.4,'//t1.kakaocdn.net/thumb/T800x0.q80/?fname=http%3A%2F%2Ft1.daumcdn.net%2Fplace%2F109CB82F95AF495A80789E5F3F02464E',뷔페,뷔페(대인) 뷔페(소인)(초등학생)
229,매일 10:30 ~ 22:00,겟201 월성점,https://place.map.kakao.com/1642685959,3.8333333333333335,3.3333333333333335,'//t1.kakaocdn.net/thumb/T800x0.q80/?fname=http%3A%2F%2Ft1.daumcdn.net%2Flocalad_thumb%2Ft%2Fa27bca67e7329ea5b2a5bfea0ffa413dead6adb4',양식,베이직 샐러드 루꼴라 베이컨 브래드 피자 에그 까르보나라 불고기 숙주 볶음밥 등심스테이크
289,월~금 12:00 ~ 22:30,경주회타운,https://place.map.kakao.com/16264256,3.0,3.3333333333333335,'//t1.kakaocdn.net/thumb/T800x0.q80/?fname=http%3A%2F%2Ft1.daumcdn.net%2Fplace%2F0AD8C866DE134CA4B409F3DB5DD56560',회,모듬회 (1-2인) 세꼬시 (1-2인) 광어 (1-2인) 우럭 (1-2인) 게르치 (1-2인)
218,매일 10:00 ~ 18:00(예약문의시간),탑골식당,https://place.map.kakao.com/12484877,3.7777777777777777,3.3333333333333335,'//t1.kakaocdn.net/thumb/T800x0.q80/?fname=http%3A%2F%2Ft1.daumcdn.net%2Fplace%2F9FF2A2D0C2454251AE5B49C51E2DE3CD',오리,참나무장작바베큐 유황오리훈제 능이 오리백숙 엄나무 오리백숙 송이버섯전골 (소)
276,"월요일                                                                                    ",바다와,https://place.map.kakao.com/1115781056,2.888888888888889,3.2962962962962963,'//t1.kakaocdn.net/thumb/T800x0.q80/?fname=http%3A%2F%2Ft1.daumcdn.net%2Fcfile%2F124ACA4D4F6EC28406',회,모듬회 (소) 고등어회 (소) 고등어회+전갱이회 or 광어회 (2인) 방어회+고등어회 or 전갱이 or 광어 (소) 광어회 (소)
94,매일 08:00 ~ 24:00,마고플레인 아양교점,https://place.map.kakao.com/1268291202,3.5714285714285716,3.2857142857142856,'//t1.kakaocdn.net/thumb/T800x0.q80/?fname=http%3A%2F%2Ft1.daumcdn.net%2Fplace%2FC423A9886E2D44BEB233CE0146D989AE',카페,아메리카노 콩떡콩떡 쉐이크 카페 라떼 토마토 샐러리 주스
111,월~토 09:00 ~ 22:00,청도돼지국밥,https://place.map.kakao.com/9497643,3.515151515151515,3.272727272727273,'//t1.kakaocdn.net/thumb/T800x0.q80/?fname=http%3A%2F%2Ft1.daumcdn.net%2Fcfile%2F03062A0379CACD1D7A',국밥,돼지국밥 순대국밥 곱창국밥 순대따로국밥 곱창따로국밥
245,"월요일                                                                                    ",너랑나랑,https://place.map.kakao.com/133192721,4.0,3.230769230769231,'//t1.kakaocdn.net/thumb/T800x0.q80/?fname=http%3A%2F%2Ft1.kakaocdn.net%2Fmystore%2FE439FDE358634575B6D63E8713C6289B',"곱창,막창",돼지막창 (130g) 소막창 (130g) 가브리살 (150g) 갈매기살 (150g)
60,매일 12:00 ~ 23:30,돼지만 본점,https://place.map.kakao.com/19471519,3.611111111111111,3.2222222222222223,'//t1.kakaocdn.net/thumb/T800x0.q80/?fname=http%3A%2F%2Ft1.daumcdn.net%2Flocalfiy%2F227DDFA463814EF38EA955DDC631A403',"육류,고기",돼지사태 김치뚝배기 돼지사태 김치전골 묵은지 김치소면 한우왕된장 생삼겹살 (150g) 생목살 (150g) 돼지생삼겹살 항정살 (120g) 가브리살 (120g) 돼지 특수부위(120g) 갈매기살 (120g) 돼지특수부위 한우 안창살 (100g) 된장찌개 묵은직김치소면 한우꽃등심 돼지생목살
31,"월요일                                                                                    ",산을담은밥상,https://place.map.kakao.com/27146692,2.533333333333333,3.2,'//t1.kakaocdn.net/thumb/T800x0.q80/?fname=http%3A%2F%2Ft1.kakaocdn.net%2Ffiy_reboot%2Fplace%2FA00735C0CE574895BAD262FBD75AAF1C',한정식,흑태찜 통사시미 활어회 활전복회 한우육회
119,매일 12:00 ~ 24:00,황토시골집,https://place.map.kakao.com/21228688,3.8823529411764706,3.176470588235294,'//t1.kakaocdn.net/thumb/T800x0.q80/?fname=http%3A%2F%2Ft1.daumcdn.net%2Fplace%2F85B1BB955C16418D9E5687E96B1649B0',닭요리,자연산 능이버섯백숙 자연산 송이버섯도리탕 닭백숙 옻닭 닭도리탕 오리백숙 옻오리백숙
61,"월,화,수,목,토,일 12:00 ~ 22:00",인더매스 삼덕,https://place.map.kakao.com/2010193979,4.782608695652174,3.1739130434782608,'//t1.kakaocdn.net/thumb/T800x0.q80/?fname=http%3A%2F%2Ft1.daumcdn.net%2Fcfile%2F1238224B4F667A3506',카페,에스프레소 아메리카노 플랫화이트 라떼 크림솔티라떼
221,매일 12:00 ~ 23:00,금강회초밥,https://place.map.kakao.com/8205464,2.6666666666666665,3.1666666666666665,'//t1.kakaocdn.net/thumb/T800x0.q80/?fname=http%3A%2F%2Ft1.daumcdn.net%2Fplace%2F405C96CDAC5D439D8DB110E2E26A08F3',"초밥,롤",특 전복코스요리 금강정식 대게전복탕 전복죽 특물회 물회 생우럭탕 생대구탕 복어탕 멍게덮밥 와다덮밥 장어덮밥 회덮밥 알밥 가께우동 복사시미 돌돔 이시가리 도다리 감성돔
222,매일 09:00 ~ 22:00,방촌시장떡볶이,https://place.map.kakao.com/1694408149,2.75,3.1666666666666665,'//t1.kakaocdn.net/thumb/T800x0.q80/?fname=http%3A%2F%2Ft1.kakaocdn.net%2Fmystore%2F8D63241E29E34B52850FA615C11D7076',떡볶이,떡볶이 납작만두 고기만두 김밥 튀김 물오뎅 콜피스 음료수
254,"월요일                                                                                    ",다이닝슬로우라이프,https://place.map.kakao.com/634363001,2.45,3.15,'//t1.kakaocdn.net/thumb/T800x0.q80/?fname=http%3A%2F%2Ft1.daumcdn.net%2Fcfile%2F252EE45055248C0B1A',이탈리안,"프로슈토와 그린올리브,와일드 루꼴라 샐러드 시즈널 스타터 샐러드 부라타치즈 카프레제 샐러드 트러플 감자뇨끼 보따르가 어란 파스타"
196,매일 11:30 ~ 22:30,팔공노을철판장작구이,https://place.map.kakao.com/694697577,2.8666666666666667,3.1333333333333333,'//t1.kakaocdn.net/thumb/T800x0.q80/?fname=http%3A%2F%2Ft1.daumcdn.net%2Fplace%2FF629C72AB2A1456AA63A676AEF510EE2',일식,
49,매일 10:00 ~ 22:00,미성복어불고기 들안길 본점,https://place.map.kakao.com/8991526,3.022222222222222,3.111111111111111,'//t1.kakaocdn.net/thumb/T800x0.q80/?fname=http%3A%2F%2Ft1.kakaocdn.net%2Fmystore%2F85B8815E856F4618A5FE84C116026D82',복어,코스(1인) 복어탕(1인) 콩나물불고기(1인) 복어튀김 추천까치복어콩나물불고기(1인) 추천복어 맑은탕(1인) 껍질무침 런치 세트(1인)
28,매일 11:30 ~ 21:20,취팔선 진천본점,https://place.map.kakao.com/12549329,3.2777777777777777,3.111111111111111,'//t1.kakaocdn.net/thumb/T800x0.q80/?fname=http%3A%2F%2Ft1.daumcdn.net%2Flocalfiy%2F7F8F59046E3748D2B8BDB37D110A70F7',중국요리,유니짜장 짬뽕 볶음밥 잡탕밥 북경탕수육(S) 고인돌 망치 탕수육
185,매일 05:30 ~ 20:30,대성기사한식뷔페,https://place.map.kakao.com/16322218,3.6666666666666665,3.111111111111111,'//t1.kakaocdn.net/thumb/T800x0.q80/?fname=http%3A%2F%2Ft1.daumcdn.net%2Flocalfiy%2F4F0438F7BFBD46B2A5572E0684DADC28',한식뷔페,성인 초등학생 미취학
287,매일 11:00 ~ 21:00,본가안동국시 본점,https://place.map.kakao.com/11105832,3.6818181818181817,3.090909090909091,'//t1.kakaocdn.net/thumb/T800x0.q80/?fname=http%3A%2F%2Ft1.daumcdn.net%2Fplace%2F3E8EB0334CAD4EBBA5002DD7CF3185A1',국수,안동국시 예전국시 소고기국밥 돼지고기수육 (소) 냉콩국시
104,"월요일                                                                                    ",기찻길참숯구이,https://place.map.kakao.com/16258422,4.133333333333334,3.066666666666667,'//t1.kakaocdn.net/thumb/T800x0.q80/?fname=http%3A%2F%2Ft1.daumcdn.net%2Fplace%2F996C6A70BFF0484AA3824BC85658BD81',삼겹살,모듬세트 (5인분) 삼겹살 (1인분)
279,매일 10:30 ~ 22:00,카르멜 다사점,https://place.map.kakao.com/1682989848,4.25,3.0625,'//t1.kakaocdn.net/thumb/T800x0.q80/?fname=http%3A%2F%2Ft1.daumcdn.net%2Fplace%2F8E0D4E96AE1E48549884150AE23B5D41',카페,에스프레소 아메리카노 카페라떼 허니 한라봉 에이드 퓨어프라나
227,매일 11:00 ~ 22:30,라미아에밀리,https://place.map.kakao.com/26873119,3.375,3.0625,'//t1.kakaocdn.net/thumb/T800x0.q80/?fname=http%3A%2F%2Ft1.daumcdn.net%2Fcfile%2F01062A0379133D6CB3',카페,아메리카노 카페라떼 카푸치노 초코라떼 아몬드 초코라떼
43,매일 09:00 ~ 22:00,남산제빵소,https://place.map.kakao.com/703487174,2.875,3.05,'//t1.kakaocdn.net/thumb/T800x0.q80/?fname=http%3A%2F%2Ft1.daumcdn.net%2Fplace%2FE160A49A35A24E448CEB7FC167F970DC',카페,아메리카노 카페라떼 딸기스무디 초코라떼 블랙피치아이스티
68,"일요일                                                                                    ",진해숯불막창,https://place.map.kakao.com/21317846,3.0869565217391304,3.0434782608695654,'//t1.kakaocdn.net/thumb/T800x0.q80/?fname=http%3A%2F%2Ft1.daumcdn.net%2Fplace%2F72D5709E36FF431DBE4238338CD67D46',"곱창,막창",절창 소막창 돼지막창 목살 생삼겹
174,"월,화,목,금,토,일 10:30 ~ 21:30",동이식당,https://place.map.kakao.com/13582169,4.416666666666667,3.0416666666666665,'//t1.kakaocdn.net/thumb/T800x0.q80/?fname=http%3A%2F%2Ft1.daumcdn.net%2Fplace%2F22D95B2D95354C1888A5B6CA1C84A500',한정식,동이정식
128,매일 10:00 ~ 01:00,오르다카페,https://place.map.kakao.com/38249159,3.8,3.04,'//t1.kakaocdn.net/thumb/T800x0.q80/?fname=http%3A%2F%2Ft1.daumcdn.net%2Fplace%2F2A5E94D3540045589185D2EF7A1FEF01',카페,아메리카노 카페라떼 장미 우유 말차 우유 장미 에이드
203,"월요일                                                                                    ",인투,https://place.map.kakao.com/1780175386,3.775,3.025,'//t1.kakaocdn.net/thumb/T800x0.q80/?fname=http%3A%2F%2Ft1.kakaocdn.net%2Ffiy_reboot%2Fplace%2FEE8DDFF3053248D79978AF9B55514897',양식,브루스게타 감바스까주멜라 판짜넬라 그라탕도피누아 라따뚜이
93,매일 17:00 ~ 05:00,태능집,https://place.map.kakao.com/11834053,3.5277777777777777,3.0,'//t1.kakaocdn.net/thumb/T800x0.q80/?fname=http%3A%2F%2Ft1.daumcdn.net%2Fcfile%2F2663BD4754B7A42209',"불고기,두루치기",북성로 불고기(대) 우동
107,"월요일                                                                                    ",데우스커피,https://place.map.kakao.com/1019194191,4.304347826086956,3.0,'//t1.kakaocdn.net/thumb/T800x0.q80/?fname=http%3A%2F%2Ft1.daumcdn.net%2Fplace%2FF699B6BDDCCF417AA01F18072C7FC27D',카페,Americano Cafe Latte Apple SODA Matcha Latte Cannele
216,매일 00:00 ~ 24:00,양파식당,https://place.map.kakao.com/17164151,3.0,3.0,'//t1.kakaocdn.net/thumb/T800x0.q80/?fname=http%3A%2F%2Ft1.daumcdn.net%2Fplace%2F8B9E3FE511224DE6BDF50ECA8D6B038E',"육류,고기",
120,매일 17:00 ~ 08:00,치치 대구동성로점,https://place.map.kakao.com/1976683385,3.5,3.0,'//t1.kakaocdn.net/thumb/T800x0.q80/?fname=http%3A%2F%2Ft1.daumcdn.net%2Fplace%2FDF5FCF520D9F4DFAA6E5878F7A81BACA',"호프,요리주점",연탄불고기 닭똥집후라이드 차돌규동 경양돈까스 나가사키짬뽕탕
126,"월요일                                                                                    ",사문진주막촌,https://place.map.kakao.com/25738535,3.75,3.0,'//t1.kakaocdn.net/thumb/T800x0.q80/?fname=http%3A%2F%2Ft1.daumcdn.net%2Flocalfiy%2F257C26E0C90C4BD0844FB8FA084AF28F',"호프,요리주점",소고기국밥 손두부 메밀전병 오징어무침 부추전
250,매일 12:00 ~ 01:00,만수통닭 수성못본점,https://place.map.kakao.com/27577399,3.2142857142857144,3.0,'//t1.kakaocdn.net/thumb/T800x0.q80/?fname=http%3A%2F%2Ft1.daumcdn.net%2Flocalfiy%2F21B334CCB23642E8979FB9F7B4D181E6',치킨,전기구이 통닭 후라이드 통닭 양념통닭 간장통닭 매운양념통닭 깻잎통닭 후라이드/양념 반반 후라이드/간장 반반 후라이드/매운양념 양념/간장 매운양념/간장 닭똥집
207,매일 10:00 ~ 23:00,시지본,https://place.map.kakao.com/96504504,3.3333333333333335,3.0,'//t1.kakaocdn.net/thumb/T800x0.q80/?fname=http%3A%2F%2Ft1.daumcdn.net%2Fcfile%2F1772B3384F62CF842B',디저트카페,아메리카노 콜드브루 (ICE) 카페라떼 초코라떼 자몽티 (HOT)
41,"월,화,수,금,토,일 10:00 ~ 22:00",헤이마,https://place.map.kakao.com/1404157553,3.5714285714285716,3.0,'//t1.kakaocdn.net/thumb/T800x0.q80/?fname=http%3A%2F%2Ft1.daumcdn.net%2Flocalfiy%2FA0E1E7491F8C4D9385025F0ECD45BDA4',디저트카페,에티오피아 구지 우라가 포인트라떼 (ICE) 카페라떼 피치 블로썸 얼그레이
165,월~토 17:00 ~ 24:00,봉산동생고기집,https://place.map.kakao.com/1977988495,4.777777777777778,3.0,'//t1.kakaocdn.net/thumb/T800x0.q80/?fname=http%3A%2F%2Ft1.kakaocdn.net%2Fmystore%2FF949C7A1FA8049F08D77F6B0D3897E14',"육류,고기",생고기(중) 추천생고기(대) 육회(중) 육회(대) 추천반반(생고기+육회) 양지/오드레기 구이 마늘찜갈비 소고기 전골 반반(생고기+양지/오드레기 구이) 반반(육회+양지/오드레기 구이) 소 수육 차돌박이 된장찌개 차돌박이 라면
290,매일 10:00 ~ 22:00,룰리커피 가창점,https://place.map.kakao.com/642782312,3.9411764705882355,3.0,'//t1.kakaocdn.net/thumb/T800x0.q80/?fname=http%3A%2F%2Ft1.daumcdn.net%2Fcfile%2F02062A03795ACFF985',커피전문점,
191,매일 10:00 ~ 22:00,동림식당,https://place.map.kakao.com/11096104,3.037037037037037,3.0,'//t1.kakaocdn.net/thumb/T800x0.q80/?fname=http%3A%2F%2Ft1.daumcdn.net%2Fcfile%2F1139A6425011098D25',국수,손칼국수 도토리묵 메밀묵채 촌두부 순두부 비빔밥 부추전 백숙 옻닭 찜닭 도리탕
169,매일 09:00 ~ 23:00,161커피스튜디오,https://place.map.kakao.com/1417647296,3.111111111111111,3.0,'//t1.kakaocdn.net/thumb/T800x0.q80/?fname=http%3A%2F%2Ft1.daumcdn.net%2Flocalad_thumb%2Ft%2F460413d4b10049ced517e83d0c02c1f20a1674c1',카페,소금커피 (HOT) 161밀크티 (HOT) 크림카푸치노 (HOT) 에스프레소 (HOT) 아메리카노 (HOT) 카페라떼 (HOT)
278,매일 11:00 ~ 22:00,카페포켓,https://place.map.kakao.com/160402563,3.72,3.0,'//t1.kakaocdn.net/thumb/T800x0.q80/?fname=http%3A%2F%2Ft1.daumcdn.net%2Fcfile%2F1236694F4FE4310512',커피전문점,에스프레소 아메리카노 카페라떼 말차라떼 누델라 초코 라떼 (ICE) 웨딩 임페리얼 (HOT)
277,매일 11:00 ~ 22:00,금수강산해물탕찜,https://place.map.kakao.com/8220291,4.525,2.975,'//t1.kakaocdn.net/thumb/T800x0.q80/?fname=http%3A%2F%2Ft1.daumcdn.net%2Fplace%2F8DC9591F46274FDD98FB85BAA83E9D46',"매운탕,해물탕",추천해물탕(소) 추천해물찜(소) 아구찜(소) 산낙지 철판 2인기준 튀김만두 왕새우찜(소) 어린이돈까스 산낙지회 왕새우튀김(4개) 볶음밥(1인기준) 아갑찜(소)
205,매일 11:00 ~ 22:00,푸나왈라,https://place.map.kakao.com/869104156,4.131578947368421,2.973684210526316,'//t1.kakaocdn.net/thumb/T800x0.q80/?fname=http%3A%2F%2Ft1.kakaocdn.net%2Fmystore%2F4A432B7F32C34AC2B1B771288BA93CE8',인도음식,탄두리 치킨 치킨 티카 치킨 버터 커리 쿠쉬탈리 플레인난
138,"월요일                                                                                    ",후꾸스시,https://place.map.kakao.com/1030018055,4.032258064516129,2.967741935483871,'//t1.kakaocdn.net/thumb/T800x0.q80/?fname=http%3A%2F%2Ft1.daumcdn.net%2Fplace%2FE02DCF990FFD4C9C8B5625288F93AE30',"초밥,롤",꾸코스 (1인기준) 후꾸코스 (1인기준) 모둠회 광어초밥 (10pc) 연어초밥 (10pc)
27,매일 11:30 ~ 23:00,서민갈비,https://place.map.kakao.com/21318578,3.491228070175439,2.9649122807017543,'//t1.kakaocdn.net/thumb/T800x0.q80/?fname=http%3A%2F%2Ft1.daumcdn.net%2Fcfile%2F1366AD124B875EC389',갈비,한돈김재동갈비 (1인분) 제주 흑돼지생구이 (600g) 전복구이 (한접시) 압력돌솥밥 전복뚝배기
95,매일 11:30 ~ 21:00,중화반점,https://place.map.kakao.com/24171572,3.267857142857143,2.9642857142857144,'//t1.kakaocdn.net/thumb/T800x0.q80/?fname=http%3A%2F%2Ft1.daumcdn.net%2Fplace%2F48AF2070ED4A4C19AE029369D2F586E7',중국요리,탕수육 (소) 새우볶음밥(2)
78,월 11:00 ~ 16:00,강산면옥 본점,https://place.map.kakao.com/25037138,2.84,2.96,'//t1.kakaocdn.net/thumb/T800x0.q80/?fname=http%3A%2F%2Ft1.daumcdn.net%2Fplace%2F63BC88E9931F48788DD16B0F4A7E5272',냉면,물냉면 비빔냉면 강산직원냉면 만듯국 동그릇 비빔밥 겨울비빔냉면 돌솥비빔밥 온면 장국밥 쟁반냉면 한우갈비찜정식 한우갈비탕 한우불고기정식 회냉면 만둣국 김치마리냉면 특냉면(곱배기) 사리 찐만두(고기)5개 녹두빈대떡(1장)
208,매일 11:30 ~ 22:00,뭄뭄 진천점,https://place.map.kakao.com/271854993,4.083333333333333,2.9583333333333335,'//t1.kakaocdn.net/thumb/T800x0.q80/?fname=http%3A%2F%2Ft1.daumcdn.net%2Fcfile%2F1717A0184C90645BAF',일식,스키야키 멘타이코 파스타 돈까스정식 연어 초밥(10p) 생새우 초밥(10p) 사케동 스테이크동 타마고 산도 트러플 스트링 토리니쿠 버터야끼
112,"월,수,목,금,토,일 11:30 ~ 22:30",가원식당,https://place.map.kakao.com/535640027,4.190476190476191,2.9523809523809526,'//t1.kakaocdn.net/thumb/T800x0.q80/?fname=http%3A%2F%2Ft1.daumcdn.net%2Fplace%2F737F3540A2454CA38CCA2C7E2D99341B',닭요리,능이오리백숙 능이닭백숙 능이오리백숙 2인세트 가원파전 산더미 능이오리백숙 산더미 능이닭백숙 능이닭백숙 2인세트 가원부추전
275,매일 12:00 ~ 24:00,녹양 향촌점,https://place.map.kakao.com/25037322,3.263157894736842,2.9473684210526314,'//t1.kakaocdn.net/thumb/T800x0.q80/?fname=http%3A%2F%2Ft1.daumcdn.net%2Fplace%2F35661358AC7447AD88C6A10792917444',"육류,고기",대창구이 (소) 양지머리 (소) 오도래기 (소) 생모듬 생고기 (소)
74,매일 11:30 ~ 22:00,삿뽀로 대구점,https://place.map.kakao.com/26357291,2.5555555555555554,2.9444444444444446,'//t1.kakaocdn.net/thumb/T800x0.q80/?fname=http%3A%2F%2Ft1.kakaocdn.net%2Ffiy_reboot%2Fplace%2F716412CC40164E18B45491F5610CAED8',일식집,모둠특스시 (13p) 모둠스시 (12p) 양념갈비구이 (275g) 도미머리조림 보리굴비 (1마리)
122,매일 12:00 ~ 22:00,아트리움,https://place.map.kakao.com/9234910,4.411764705882353,2.9411764705882355,'//t1.kakaocdn.net/thumb/T800x0.q80/?fname=http%3A%2F%2Ft1.daumcdn.net%2Fplace%2F717D8ABF9B914FCDAC82A4C81AE494B7',양식,왕새우와 안심스테이크 해산물 토마토 스파게티 새우 크림 스파게티 양갈비스테이크 올리브오일 소스 봉골레 스파게티
192,월~금 11:00 ~ 21:00,민스크,https://place.map.kakao.com/26949591,4.117647058823529,2.9411764705882355,'//t1.kakaocdn.net/thumb/T800x0.q80/?fname=http%3A%2F%2Ft1.daumcdn.net%2Fplace%2F8B5075FA44604069B05B718689483DFA',카페,밀크티 라떼 호두 바나나 쉐이크 한라봉 홍차 케익 피칸파이 크로아상
44,월~토 10:00 ~ 22:00,8번식당 본점,https://place.map.kakao.com/8632787,2.90625,2.9375,'//t1.kakaocdn.net/thumb/T800x0.q80/?fname=http%3A%2F%2Ft1.daumcdn.net%2Flocalfiy%2F48FAD0C55C29464B954B9E7F32987811',국밥,정식 커플세트 수육 (대) 수육 (중) 수육 (소) 순대 (대) 순대 (중) 순대 (소) 암뽕 (대) 암뽕 (중) 암뽕 (소) 모듬수육 (대) 모듬수육 (중) 모듬수육 (소) 갈비수육 (대) 갈비수육 (소) 고기국밥 순대국밥 섞어국밥 암뽕국밥
30,매일 10:00 ~ 22:00,해금강 본점,https://place.map.kakao.com/19271195,3.25,2.9375,'//t1.kakaocdn.net/thumb/T800x0.q80/?fname=http%3A%2F%2Ft1.daumcdn.net%2Fplace%2F00F5091630EF497B88503D8A9FFC11E0',복어,복불고기세트 (1인) 복일품 2단 샤브전골 (2인) 복아구해물찜 (2인) 복불고기 (1인) 복튀김 (1접시)
215,매일 12:00 ~ 24:00,끝돈 본점,https://place.map.kakao.com/800458408,3.5,2.9285714285714284,'//t1.kakaocdn.net/thumb/T800x0.q80/?fname=http%3A%2F%2Ft1.daumcdn.net%2Fplace%2FF06BC23B84734F88AF02F2330C60561C',"육류,고기",추천삼겹살 꽃목살 꽃등살 가브리 추천플루마 오도리 계란찜 구워먹는치즈(6조각) 이태리술밥 치즈 젓갈볶음밥 보리누룽지탕 김치말이국수 단무지국수 김치찌개 된장찌개 캔김치 명이나물 순태젓갈 씨앗젓갈
152,월~토 12:00 ~ 22:00,스완네,https://place.map.kakao.com/1621069822,4.285714285714286,2.9285714285714284,'//t1.kakaocdn.net/thumb/T800x0.q80/?fname=http%3A%2F%2Ft1.daumcdn.net%2Fplace%2FF3224D216FBF47F4A61DFA2182096E2D',카페,토마토빙수 스콘팔레트 스완네 뱅쇼 아메리카노 라떼 스완네라떼 스완네밀크티
271,매일 11:00 ~ 22:00,수가성,https://place.map.kakao.com/8455084,2.925925925925926,2.925925925925926,'//t1.kakaocdn.net/thumb/T800x0.q80/?fname=http%3A%2F%2Ft1.daumcdn.net%2Fcfile%2F135CD5514D52574237',두부전문점,해물순두부 조개순두부 청국장순두부 두부보쌈(소) 해물파전 해물순두부 (돌솥밥) 해물순두부 (공기밥) 섞어순두부 (돌솥밥) 섞어순두부 (공기밥) 조개순두부 (돌솥밥) 조개순두부 (공기밥) 굴순두부 (돌솥밥) 굴순두부 (공기밥) 버섯순두부 (돌솥밥) 버섯순두부 (공기밥) 소고기순두부 (돌솥밥) 소고기순두부 (공기밥) 돼지고기순두부 (돌솥밥) 돼지고기순두부 (공기밥) 곱창순두부 (돌솥밥) 곱창순두부 (공기밥) 만두순두부 (돌솥밥) 만두순두부 (공기밥) 청국장순두부 (돌솥밥) 전복순두부 (돌솥밥)
116,매일 11:00 ~ 24:00,남도명가,https://place.map.kakao.com/17066016,2.6923076923076925,2.923076923076923,'//t1.kakaocdn.net/thumb/T800x0.q80/?fname=http%3A%2F%2Ft1.kakaocdn.net%2Ffiy_reboot%2Fplace%2F3F629360C58D47E595B0FC432693F388',한정식,품격코스 격조코스 명가밥상 대구찜 (중) 흑태찜 (중)
50,매일 00:00 ~ 24:00,대덕식당,https://place.map.kakao.com/8277887,1.8222222222222222,2.922222222222222,'//t1.kakaocdn.net/thumb/T800x0.q80/?fname=http%3A%2F%2Ft1.daumcdn.net%2Fplace%2F42ED2A8602D74D468B8DDACF05AC0C63',국밥,영양갈비탕 선짓국 육개장 선지국수 선지 된장찌개 돌솥비빔밥 추어탕 닭개장 등뼈해장국 황태해장국 소양탕 곰탕 무침회 낙지볶음 오징어볶음 돼지삼겹수육 소양수육 소머리수육 황태찜
38,"월요일                                                                                    ",신송자신마산식당,https://place.map.kakao.com/16267168,3.764705882352941,2.9215686274509802,'//t1.kakaocdn.net/thumb/T800x0.q80/?fname=http%3A%2F%2Ft1.kakaocdn.net%2Ffiy_reboot%2Fplace%2FB08A3C1A594F43A182371BC673F6DC67',한식,따로국밥 돼지국밥 순대국밥 섞어국밥 찐순대 (중) 고기밥
113,매일 16:00 ~ 02:00,아리조나막창,https://place.map.kakao.com/7982844,4.08,2.92,'//t1.kakaocdn.net/thumb/T800x0.q80/?fname=http%3A%2F%2Ft1.daumcdn.net%2Fcfile%2F1249B4464F62E9402B',"곱창,막창",생막창(140g) 웰빙막창(130g) 황제양념갈비살(130g) 우삼겹(150g) 양념불닭발(130g)
106,월~토 11:30 ~ 15:00,미친뷔페,https://place.map.kakao.com/187275056,4.305555555555555,2.9166666666666665,'//t1.kakaocdn.net/thumb/T800x0.q80/?fname=http%3A%2F%2Ft1.daumcdn.net%2Flocalfiy%2F6A6C946112494D25BB264A1082E56EDC',한식뷔페,성인 초등학생 유아 반찬 (3) 도시락
258,매일 11:30 ~ 23:30,서민수산회,https://place.map.kakao.com/9837143,2.1666666666666665,2.9166666666666665,'//t1.kakaocdn.net/thumb/T800x0.q80/?fname=http%3A%2F%2Ft1.daumcdn.net%2Fcfile%2F1705744B4F66BA4E1E',회,특물회 모듬회(소) 회덮밥 오징어 새우튀김 생굴무침
37,매일 11:30 ~ 20:30,스시준,https://place.map.kakao.com/20991187,4.254545454545455,2.909090909090909,'//t1.kakaocdn.net/thumb/T800x0.q80/?fname=http%3A%2F%2Ft1.daumcdn.net%2Fplace%2FB828B108EC2A49CBBCB59C37535C0A24',"초밥,롤",스시준 스시 A 스시준 스시 B 참치스시 (8p) 모듬스시 (10p) 참돔스시 (10p) 소고기불스시 (10p) 광어스시 (10p) 생연어스시 (10p) 생새우스시 (10p) 초새우스시 (10p) 유부스시 (10p)
228,매일 11:30 ~ 22:30,승정원한우,https://place.map.kakao.com/15246023,3.5454545454545454,2.909090909090909,'//t1.kakaocdn.net/thumb/T800x0.q80/?fname=http%3A%2F%2Ft1.daumcdn.net%2Fplace%2F51083DB22F124188996876356BF070B6',"육류,고기",살치살 (100g) 반반육회 (200g) 갈비살 (100g) 꽃등심 (100g) 안창살 (100g) 경상도육회 (200g) 전라도육회 (200g) 수원식양념왕갈비 주먹시(토시살) (100g) 점심특선_동인동식 한우찜갈비 점심특선_육회비빔밥정식 점심특선_소고기찌개정식
240,매일 10:00 ~ 01:00,회성각 본점,https://place.map.kakao.com/9690397,4.1,2.9,'//t1.kakaocdn.net/thumb/T800x0.q80/?fname=http%3A%2F%2Ft1.kakaocdn.net%2Fmystore%2F962BFCC3916641359A08F704E4F2F58C',퓨전중식,짜장면 짬뽕 중화비빔밥 탕수육 (미니) 고추잡채
76,매일 09:30 ~ 22:30,르폴뒤,https://place.map.kakao.com/819667955,3.7804878048780486,2.8780487804878048,'//t1.kakaocdn.net/thumb/T800x0.q80/?fname=http%3A%2F%2Ft1.kakaocdn.net%2Ffiy_reboot%2Fplace%2F33D8B139FC494AB180149AB7C37BEC32',디저트카페,초코라떼 우유 아메리카노 카페라떼 딸기주스
156,매일 11:00 ~ 02:00,B움,https://place.map.kakao.com/1417793881,4.15,2.875,'//t1.kakaocdn.net/thumb/T800x0.q80/?fname=http%3A%2F%2Ft1.daumcdn.net%2Fplace%2FC4AC0BE090614C5A848B3F1490CB44F8',카페,에스프레소 (HOT) 아메리카노 카페라떼 진저레몬티 비움불고기라이스
157,매일 10:00 ~ 22:30,이모식당,https://place.map.kakao.com/10675241,2.9545454545454546,2.8636363636363638,'//t1.kakaocdn.net/thumb/T800x0.q80/?fname=http%3A%2F%2Ft1.kakaocdn.net%2Fmystore%2F4984C5748CD3426DAD449D5B8E0D558A',순대,모듬 (소) 막창순대 (대) 순대국밥 돼지국밥 모듬 (대) 모듬 (중) 섞어국밥 막창순대 (중) 막창순대 (소) 수육 (대) 수육 (중) 수육 (소) 암뽕 뼈갈비 (대) 뼈갈비 (소) 백반 (정식)
262,"월,화요일                                                                                    ",오브너,https://place.map.kakao.com/919927215,4.095238095238095,2.857142857142857,'//t1.kakaocdn.net/thumb/T800x0.q80/?fname=http%3A%2F%2Ft1.daumcdn.net%2Flocalfiy%2F94B99CD80E804F13AC2C0DB943BB5734',디저트카페,아메리카노 라떼 플랫화이트 바닐라라떼 말차라떼
293,매일 11:00 ~ 22:00,진미식육식당,https://place.map.kakao.com/21226094,3.142857142857143,2.857142857142857,'//t1.kakaocdn.net/thumb/T800x0.q80/?fname=http%3A%2F%2Ft1.daumcdn.net%2Fplace%2F911544FF8A4B4B3B91698930DADAF5D1',"육류,고기",대창전골 (250g) 정식 볶음밥
102,매일 12:00 ~ 01:00,녹양구이,https://place.map.kakao.com/21371994,3.2962962962962963,2.8518518518518516,'//t1.kakaocdn.net/thumb/T800x0.q80/?fname=http%3A%2F%2Ft1.daumcdn.net%2Fplace%2FA73DAB979E4542C58E8743CA25B2474E',"육류,고기",생고기(300g) 육회(300g) 등골(280g) 간천엽(400g) 옛날불고기(450g)
223,월~토 11:00 ~ 21:00,애기똥풀,https://place.map.kakao.com/198850316,2.111111111111111,2.8518518518518516,'//t1.kakaocdn.net/thumb/T800x0.q80/?fname=http%3A%2F%2Ft1.kakaocdn.net%2Fmystore%2FD7686E5E8A3748ECA3EC3F2B2019247E',한정식,숯불돼지불고기 한상 코다리찜 한상 더덕구이 한상 낙지볶음 한상 약초보쌈 한상
210,매일 10:00 ~ 21:00,삼미갈비찜,https://place.map.kakao.com/26631970,2.96,2.84,'//t1.kakaocdn.net/thumb/T800x0.q80/?fname=http%3A%2F%2Ft1.daumcdn.net%2Fplace%2F8B1DBB5BC9F84822A88915D7DC629007',갈비,소갈비찜 돼지갈비찜 닭갈비찜
79,매일 11:00 ~ 21:00,큰나무집궁중약백숙 가창본점,https://place.map.kakao.com/17996018,2.7027027027027026,2.8378378378378377,'//t1.kakaocdn.net/thumb/T800x0.q80/?fname=http%3A%2F%2Ft1.daumcdn.net%2Fplace%2FB4E473D6479148BB9A4ABC372887B94C',닭요리,전복백숙 (소) 능이백숙 (소) 궁중약백숙 (소) 매운찜닭 시래기매운찜닭
261,월~토 17:50 ~ 02:00,대복식당,https://place.map.kakao.com/26077642,4.0,2.8333333333333335,'//t1.kakaocdn.net/thumb/T800x0.q80/?fname=http%3A%2F%2Ft1.daumcdn.net%2Fplace%2F9785844840CA4F4F8F292F5D91E18A8A',한식,코다리찜(소) 연탄 석쇠불고기(600g) 중화 돼지두루치기 중화 오징어 두루치기 소고기우동
249,매일 11:30 ~ 21:30,라라코스트 대구들안길점,https://place.map.kakao.com/1972907915,2.8333333333333335,2.8333333333333335,'//t1.kakaocdn.net/thumb/T800x0.q80/?fname=http%3A%2F%2Ft1.kakaocdn.net%2Fmystore%2FDB86CBC997C0490A889D4ECD81B06109',패밀리레스토랑,더블 포크 스테이크 삼겹살 스테이크 감바스 오일 파스타 체다 치즈 칠리 파스타 빠네 크림 파스타
264,매일 11:30 ~ 22:00,아웃백스테이크하우스 대구죽전점,https://place.map.kakao.com/7991221,2.9130434782608696,2.8260869565217392,'//t1.kakaocdn.net/thumb/T800x0.q80/?fname=http%3A%2F%2Ft1.kakaocdn.net%2Ffiy_reboot%2Fplace%2F486CA9CF2A6F44489C54AF00C35D8782',아웃백스테이크하우스,홈파티 4인세트 2 짐붐바 스테이크 3인세트 갈릭립아이 스테이크 2인세트 카카두 김치 그릴러 2인세트 투움바 파스타 오지치즈후라이즈(미듐)
288,매일 11:00 ~ 22:00,랜디스도넛 대구동성로점,https://place.map.kakao.com/2119167062,4.175,2.825,'//t1.kakaocdn.net/thumb/T800x0.q80/?fname=http%3A%2F%2Ft1.daumcdn.net%2Flocalfiy%2FAB29B2A54B2B48E1930C67245832044E',도넛,글레이즈 도넛 플레인 케이크 핑크 스프링클 도넛 초콜릿 올드패션 메이플 츄러스 도넛
246,"월요일                                                                                    ",슬로우라이프,https://place.map.kakao.com/24955319,3.2941176470588234,2.823529411764706,'//t1.kakaocdn.net/thumb/T800x0.q80/?fname=http%3A%2F%2Ft1.daumcdn.net%2Fplace%2F2A414A948DAB427FB3FDA7E7C80A0483',카페,아메리카노 카페라떼 바닐라라떼 아인슈패너 바닐라 크림라떼
201,매일 11:00 ~ 23:00,대우족발,https://place.map.kakao.com/7822201,3.4545454545454546,2.8181818181818183,'//t1.kakaocdn.net/thumb/T800x0.q80/?fname=http%3A%2F%2Ft1.daumcdn.net%2Fplace%2F4FDF36F133A7457BB754FEA15F22FC26',"족발,보쌈",대우한방족발 (소) 대우맛족발 (소) 대우냉채족발 대우불족발 대우쟁반국수 (소)
145,매일 11:30 ~ 21:00,옹기보리밥곤지곤지 앞산점,https://place.map.kakao.com/778725435,3.5454545454545454,2.8181818181818183,'//t1.kakaocdn.net/thumb/T800x0.q80/?fname=http%3A%2F%2Ft1.kakaocdn.net%2Ffiy_reboot%2Fplace%2F78D75353C3164A3DA979A1DA1F3A3C0B',한식,강된장자연보리밥 영양돌솥밥 곤드레돌솥밥 순두부 정식 (1인) 청국장 정식 (1인)
48,"월요일                                                                                    ",오퐁드부아,https://place.map.kakao.com/1853358782,3.263157894736842,2.8157894736842106,'//t1.kakaocdn.net/thumb/T800x0.q80/?fname=http%3A%2F%2Ft1.daumcdn.net%2Fplace%2FCF7B09EC8E7D4B8CAAD2B7A4AC465C84',커피전문점,아메리카노 라떼 쑥라떼 딸기우유 레몬에이드
109,매일 12:00 ~ 20:30,아리츠,https://place.map.kakao.com/227030809,4.333333333333333,2.814814814814815,'//t1.kakaocdn.net/thumb/T800x0.q80/?fname=http%3A%2F%2Ft1.daumcdn.net%2Fcfile%2F204337354F699D9601',카페,아메리카노 라떼 말차아인슈페너 오렌지주스(ICE) 애플시나몬에이드(ICE)
77,매일 11:00 ~ 21:00,가야성,https://place.map.kakao.com/11891971,2.875,2.8125,'//t1.kakaocdn.net/thumb/T800x0.q80/?fname=http%3A%2F%2Ft1.daumcdn.net%2Fcfile%2F1535313F4F6FF8AC1B',중국요리,짬뽕 짜장면 탕수육 (소) 볶음밥 짬뽕밥 짬뽕국물 야끼우동
75,매일 12:00 ~ 21:30(재료소진시 조기마감합니다),바스코,https://place.map.kakao.com/26886876,3.8958333333333335,2.8125,'//t1.kakaocdn.net/thumb/T800x0.q80/?fname=http%3A%2F%2Ft1.daumcdn.net%2Fplace%2F715AC14B973E44889201B2A7A5795EFD',"멕시칸,브라질",그릴드 불고기 타코 그릴드 핫치킨 퀘사디아 치킨 치미창가 바베큐 김치 프라이즈 통새우 스파이시 필라프 스모키 불고기 부리또
141,매일 10:00 ~ 23:00,제니아빈,https://place.map.kakao.com/1852746338,4.0625,2.8125,'//t1.kakaocdn.net/thumb/T800x0.q80/?fname=http%3A%2F%2Ft1.daumcdn.net%2Fplace%2F67A301263915473FBBFE6C185FC75C7F',카페,아메리카노 카페라떼 오곡라떼 레몬에이드 유자차
89,매일 09:00 ~ 20:30,원조현풍 박소선할매집곰탕 본점,https://place.map.kakao.com/16579740,2.2083333333333335,2.8125,'//t1.kakaocdn.net/thumb/T800x0.q80/?fname=http%3A%2F%2Ft1.daumcdn.net%2Fcfile%2F1224EC3E4F61A3B01E',곰탕,곰탕(1인분) 양곰탕(1인분) 수육 족수육 양념모듬찜 모듬수육 꼬리곰탕(1인분) 살코기곰탕(1인분)
144,매일 11:00 ~ 23:00,만솥,https://place.map.kakao.com/26928951,2.15,2.8,'//t1.kakaocdn.net/thumb/T800x0.q80/?fname=http%3A%2F%2Ft1.kakaocdn.net%2Fmystore%2FECCCB0CF59464F29A501B0EEFB1A95BB',중국요리,칠리새우 유린기 탕수육 볶음짬뽕 딤섬모듬
247,매일 11:30 ~ 22:00,홍구원,https://place.map.kakao.com/13084305,3.3,2.8,'//t1.kakaocdn.net/thumb/T800x0.q80/?fname=http%3A%2F%2Ft1.daumcdn.net%2Fplace%2F3AD227E0F889456EADB9CE788FC51B57',중국요리,자장면 짬뽕탕 (2-3인용) 까쇼새우 (중) 마파두부 (중) 탕수육 (중)
85,"월요일                                                                                    ",미진분식,https://place.map.kakao.com/8316616,3.185185185185185,2.7962962962962963,'//t1.kakaocdn.net/thumb/T800x0.q80/?fname=http%3A%2F%2Ft1.daumcdn.net%2Fplace%2F7B69F8F314EE4EF88C4A533D0C14BE6E',분식,김밥 (두줄) 우동 쫄면 비빔우동 우동+김밥1줄 쫄면+김밥1줄 비빔우동+김밥1줄
153,매일 00:00 ~ 24:00,송원식당,https://place.map.kakao.com/21226623,3.2857142857142856,2.7857142857142856,'//t1.kakaocdn.net/thumb/T800x0.q80/?fname=http%3A%2F%2Ft1.daumcdn.net%2Fplace%2F3E983C90DB0947A5941ED1B04C252650',한식,정식 청국장 김치청국장 갈치구이 소고기찌개 된장찌개 동태찌개 닭도리탕 아구찜 (대) 아구찜 (소)
47,매일 11:30 ~ 21:30,칸다소바 대구동성로점,https://place.map.kakao.com/1242598286,4.290322580645161,2.78494623655914,'//t1.kakaocdn.net/thumb/T800x0.q80/?fname=http%3A%2F%2Ft1.daumcdn.net%2Fplace%2F55A2ED9E03E446D8916B7D44C7BDC6F3',일본식라면,
244,매일 16:00 ~ 00:30,고기굽는남자 범어동점,https://place.map.kakao.com/20346084,4.444444444444445,2.7777777777777777,'//t1.kakaocdn.net/thumb/T800x0.q80/?fname=http%3A%2F%2Ft1.daumcdn.net%2Fplace%2F357BA37E420641D79262939D3DA3BF43',"육류,고기",삼겹살 (150g) 목살 (150g) 한우등심 (100g) 껍데기살 (150g) 게내장비빔밥
29,매일 11:00 ~ 23:00,용지봉,https://place.map.kakao.com/17077392,2.5483870967741935,2.774193548387097,'//t1.kakaocdn.net/thumb/T800x0.q80/?fname=http%3A%2F%2Ft1.daumcdn.net%2Fplace%2FF830FF8CAAAF4FBEB67A0F4D85C5513C',한정식,용지봉코스 한우갈비살 (100g) 한우등심 (100g) 아름다운 대첩 정다운한정식 반가운특선 (점심특선)
204,월~토 11:00 ~ 20:30(오후 재료 소진시 조기 마감),마사,https://place.map.kakao.com/739346609,4.636363636363637,2.772727272727273,'//t1.kakaocdn.net/thumb/T800x0.q80/?fname=http%3A%2F%2Ft1.kakaocdn.net%2Ffiy_reboot%2Fplace%2FD1DB26B089B64BB2847BC592491D064D',"초밥,롤",마사모듬 새우초밥 연어초밥 연어+광어 초밥 규 초밥
86,기타 (11:00~재료소진시까지(대략~14:00)),광명반점,https://place.map.kakao.com/21025698,4.257142857142857,2.7714285714285714,'//t1.kakaocdn.net/thumb/T800x0.q80/?fname=http%3A%2F%2Ft1.daumcdn.net%2Fplace%2F390CD24B589E4B56BCA4E532390FBEBC',중국요리,짬뽕 짬뽕밥 짬뽕국물 볶음밥 짜장면 난자완스 (소) 난자완스 밥 난자완스 (대)
3,"월,화,목,금,토,일 11:00 ~ 22:00",신라식당,https://place.map.kakao.com/15380037,3.6987951807228914,2.7710843373493974,'//t1.kakaocdn.net/thumb/T800x0.q80/?fname=http%3A%2F%2Ft1.daumcdn.net%2Fplace%2F62195BD1D0B0435AA91D8804397C7377',한식,순두부찌개 갈비낙지탕 돌판제육볶음 (1인분) 돌판낙지볶음 (1인분) 돌판낙지 새우볶음 (1인분) 해물순두부찌개 돌판낙지양볶음(1인분)
253,매일 12:30 ~ 23:30,한성불고기,https://place.map.kakao.com/24171820,3.3076923076923075,2.769230769230769,'//t1.kakaocdn.net/thumb/T800x0.q80/?fname=http%3A%2F%2Ft1.daumcdn.net%2Fplace%2F869A6377715140FC9814F0AB427855B5',"불고기,두루치기",석쇠불고기 (소) 돼지석쇠갈비 (2인분) 고추장불고기 (2인분) 장어구이 (2인분) 오징어불고기 (소)
234,매일 10:30 ~ 21:30,마르텐사이트,https://place.map.kakao.com/807342322,4.230769230769231,2.769230769230769,'//t1.kakaocdn.net/thumb/T800x0.q80/?fname=http%3A%2F%2Ft1.daumcdn.net%2Fplace%2F1B7BD9990EE84A0DBAF79D1DB12ECCDB',커피전문점,추천허쉬 추천화이트아인슈패너 아메리카노 카페라떼 바닐라라떼 아인슈패너 크림카페모카 오레몽애플티 오레몽아이스티 오레몽에이드
21,월~토 11:20 ~ 20:00,중앙떡볶이,https://place.map.kakao.com/10787627,2.6551724137931036,2.7672413793103448,'//t1.kakaocdn.net/thumb/T800x0.q80/?fname=http%3A%2F%2Ft1.daumcdn.net%2Flocalfiy%2Fsearchregister_5153943',떡볶이,떡볶이 만두 순대 김밥 쌀떡볶이+만두 (1인분)
232,매일 17:00 ~ 03:00,한냐,https://place.map.kakao.com/558285956,4.476190476190476,2.761904761904762,'//t1.kakaocdn.net/thumb/T800x0.q80/?fname=http%3A%2F%2Ft1.daumcdn.net%2Fplace%2F1E725467A8D94E5A8C67FD91AAD471BA',일본식주점,사시미 연어(300g) 닭한마리 로제 파스타 크림 빠네 도쿄 탕수육 동파육
69,월~금 12:00 ~ 21:30,더뷔페앳인터불고,https://place.map.kakao.com/1485240475,3.8095238095238093,2.761904761904762,'//t1.kakaocdn.net/thumb/T800x0.q80/?fname=http%3A%2F%2Ft1.daumcdn.net%2Fplace%2F18774802C68A4EA18E34BF64697799A1',뷔페,
266,월~토 11:00 ~ 21:00,칠성할매콩국수 본점,https://place.map.kakao.com/14576123,2.2666666666666666,2.7555555555555555,'//t1.kakaocdn.net/thumb/T800x0.q80/?fname=http%3A%2F%2Ft1.kakaocdn.net%2Fmystore%2F8B5B121BDC1B48C1B1419C732EE2522D',국수,콩국수
23,매일 10:00 ~ 22:00,더디퍼,https://place.map.kakao.com/605548899,4.591836734693878,2.7551020408163267,'//t1.kakaocdn.net/thumb/T800x0.q80/?fname=http%3A%2F%2Ft1.daumcdn.net%2Fplace%2F4395FB2CAE284015888C6C576BC8E47C',커피전문점,아메리카노 카페라떼 그린티스무디 복숭아에이드 그린티라떼
168,매일 11:30 ~ 21:30,라라코스트 대구반월당점,https://place.map.kakao.com/24346434,2.25,2.75,'//t1.kakaocdn.net/thumb/T800x0.q80/?fname=http%3A%2F%2Ft1.kakaocdn.net%2Ffiy_reboot%2Fplace%2FD3A0C39C4F0C48DFBBA6290D234E2D5E',패밀리레스토랑,포크 찹 라이스 스테이크 샐러드 통삼겹 스테이크 봉골레 파스타 오븐 토마토 파스타
121,매일 09:00 ~ 23:00,빠다롤뺑프랑스,https://place.map.kakao.com/26628950,3.9166666666666665,2.75,'//t1.kakaocdn.net/thumb/T800x0.q80/?fname=http%3A%2F%2Ft1.daumcdn.net%2Flocalfiy%2Fsearchregister_1178277616',"제과,베이커리",
226,매일 10:00 ~ 21:00,할매묵집,https://place.map.kakao.com/9575143,3.75,2.75,'//t1.kakaocdn.net/thumb/T800x0.q80/?fname=http%3A%2F%2Ft1.kakaocdn.net%2Fmystore%2F9402727AB90C4BC78E9599DB89D2928D',한식,도토리묵채 메밀묵채 닭도리탕 촌두부김치 정구지찌짐
10,"월,화,수,금,토 11:00 ~ 15:00",수봉반점,https://place.map.kakao.com/9870379,4.366666666666666,2.75,'//t1.kakaocdn.net/thumb/T800x0.q80/?fname=http%3A%2F%2Ft1.daumcdn.net%2Fplace%2F73A88059320347C7BFD333EB7987D353',중국요리,
242,"월,목,금,토,일 12:00 ~ 21:00",라겟옴,https://place.map.kakao.com/751276294,4.25,2.75,'//t1.kakaocdn.net/thumb/T800x0.q80/?fname=http%3A%2F%2Ft1.kakaocdn.net%2Ffiy_reboot%2Fplace%2FB23DF9F0A37B4D24AE5410D537C66DAA',디저트카페,오늘의 커피 스페셜티 커피 라떼 라겟옴 라떼 (ICE) 비엔나 카푸치노 (HOT)
199,매일 11:00 ~ 23:00,미남장어 수성점,https://place.map.kakao.com/1105745758,3.625,2.75,'//t1.kakaocdn.net/thumb/T800x0.q80/?fname=http%3A%2F%2Ft1.daumcdn.net%2Fplace%2FBD89B2D6F5394156BC048460EF048B62',장어,된장찌개 장어탕 비빔국수 잔치국수 장어탕 (점심)
26,"월요일                                                                                    ",앞산주택,https://place.map.kakao.com/782774410,3.4375,2.75,'//t1.kakaocdn.net/thumb/T800x0.q80/?fname=http%3A%2F%2Ft1.kakaocdn.net%2Ffiy_reboot%2Fplace%2FBA93A07685EE4885BAFE340047B884E4',이탈리안,스테이크오일파스타 스테이크크림파스타 스테이크버섯샐러드 리코타치즈샐러드 오픈샌드위치
114,"월,화,수,목,일 17:00 ~ 24:00",마루막창 수성점,https://place.map.kakao.com/10352764,3.25,2.75,'//t1.kakaocdn.net/thumb/T800x0.q80/?fname=http%3A%2F%2Ft1.daumcdn.net%2Fcfile%2F196BA13B4F692FAB34',"곱창,막창",조개탕수제비 된장국수 추천막밥 추천소막창 (국내산) 소막창 (미국산) 돼지막창 삼겹살 목살
150,"월,화,목,금,토,일 11:30 ~ 20:00",커피플라자,https://place.map.kakao.com/136762149,4.185185185185185,2.740740740740741,'//t1.kakaocdn.net/thumb/T800x0.q80/?fname=http%3A%2F%2Ft1.daumcdn.net%2Fplace%2F1126B2317435417FB02F0F28F082978C',커피전문점,
143,매일 11:30 ~ 00:30,고기굽는남자 신세계점,https://place.map.kakao.com/1349521665,3.9565217391304346,2.739130434782609,'//t1.kakaocdn.net/thumb/T800x0.q80/?fname=http%3A%2F%2Ft1.daumcdn.net%2Fplace%2F4AD101B8F3F842629CAC939DAA65815B',"육류,고기",특수부위 (120g) 삼겹살 (150g) 목살 (150g) 돼지갈비 (180g) 껍데기살 (150g)
32,"화요일                                                                                    ",신천궁전떡볶이,https://place.map.kakao.com/12435003,4.261904761904762,2.738095238095238,'//t1.kakaocdn.net/thumb/T800x0.q80/?fname=http%3A%2F%2Ft1.kakaocdn.net%2Ffiy_reboot%2Fplace%2FC3FDA9BB3F164A90B2A5766D55265B60',떡볶이,만두 (1인분) 오뎅 (1인분) 떡볶이 (1인분) 계란 (2개)
274,"월,화,수,금,토,일 10:00 ~ 20:30",생수정식당,https://place.map.kakao.com/21843075,2.3684210526315788,2.736842105263158,'//t1.kakaocdn.net/thumb/T800x0.q80/?fname=http%3A%2F%2Ft1.daumcdn.net%2Fcfile%2F27103643556EB53B1E',닭요리,닭숯불구이(한마리) 해물파전 감자전 촌두부 칼국수
166,매일 10:00 ~ 22:00,봉산찜갈비,https://place.map.kakao.com/19271098,3.2666666666666666,2.7333333333333334,'//t1.kakaocdn.net/thumb/T800x0.q80/?fname=http%3A%2F%2Ft1.daumcdn.net%2Fplace%2F841FC5FC183E4B51902B33C97D4ACD64',갈비,갈비살찌개 찜갈비 수입산 (1인분) 찜갈비 국내산 (1인분)
177,매일 10:30 ~ 23:00(브런치타임 11:30 ~ 20:30),메종듀미디,https://place.map.kakao.com/132694548,4.153846153846154,2.730769230769231,'//t1.kakaocdn.net/thumb/T800x0.q80/?fname=http%3A%2F%2Ft1.daumcdn.net%2Fplace%2FF31416AB52F84196A25ADAB693D259B0',카페,아메리카노 카페라떼 플레인스무디 레몬에이드 녹차
187,매일 11:30 ~ 23:30,광장갈비 본점,https://place.map.kakao.com/1582301105,3.5454545454545454,2.727272727272727,'//t1.kakaocdn.net/thumb/T800x0.q80/?fname=http%3A%2F%2Ft1.daumcdn.net%2Fplace%2F847360202C904D56910F7576F0654226',갈비,한우 갈비살 (1인분) 한우 양념갈비살 (1인분) 한우 안창살 (1인분) 수제 본갈비 (1인분) 목살양념구이 (1인분)
59,매일 11:00 ~ 23:00,티아이티에프,https://place.map.kakao.com/94420519,2.909090909090909,2.727272727272727,'//t1.kakaocdn.net/thumb/T800x0.q80/?fname=http%3A%2F%2Ft1.daumcdn.net%2Fplace%2F794F6DB6BE664CB19D35902F6C2A9FDD',카페,브루잉커피 카페라떼 로얄밀크티 블렌딩티류 샤인머스켓에이드
91,"월요일                                                                                    ",윤옥연할매떡볶이 본점,https://place.map.kakao.com/9340428,2.5,2.725806451612903,'//t1.kakaocdn.net/thumb/T800x0.q80/?fname=http%3A%2F%2Ft1.daumcdn.net%2Fplace%2F3BF5E54FD85C49D4BD64AD8AD501CBAA',떡볶이,떡볶이 오뎅 만두 김밥 순대 라면 삶은달걀 (1개)
11,"월요일                                                                                    ",미성당 본점,https://place.map.kakao.com/273514987,2.838235294117647,2.7205882352941178,'//t1.kakaocdn.net/thumb/T800x0.q80/?fname=http%3A%2F%2Ft1.daumcdn.net%2Fcfile%2F166878354F63091825',분식,납작만두 (소) 쫄면 우동 라면
167,"월,화,수,목,일 16:00 ~ 03:00",삼덕통닭 동성로점,https://place.map.kakao.com/1767432954,2.84,2.72,'//t1.kakaocdn.net/thumb/T800x0.q80/?fname=http%3A%2F%2Ft1.daumcdn.net%2Fcfile%2F1836823B4F6FC80936',치킨,삼덕통닭(후라이드) 양념통닭 삼미통닭 파닭 후라이드 가마솥 닭발
17,매일 00:00 ~ 24:00,국일따로국밥,https://place.map.kakao.com/21227749,3.3513513513513513,2.7162162162162162,'//t1.kakaocdn.net/thumb/T800x0.q80/?fname=http%3A%2F%2Ft1.daumcdn.net%2Fplace%2F917DBEEB3D134565ABB1FCF13FD2EE2F',국밥,특따로국밥 따로국밥 따로국수 선지
90,매일 09:00 ~ 23:00,우즈베이커리카페,https://place.map.kakao.com/27357841,3.6666666666666665,2.7142857142857144,'//t1.kakaocdn.net/thumb/T800x0.q80/?fname=http%3A%2F%2Ft1.kakaocdn.net%2Ffiy_reboot%2Fplace%2F2272C1F14ED34C908F378F8980775FE8',디저트카페,에스프레소 (HOT) 아메리카노 더치 아메리카노 (ICE) 더치라떼 (ICE) 카페라떼
233,매일 10:00 ~ 22:00,두류해물탕 본점,https://place.map.kakao.com/13014147,1.5,2.7142857142857144,'//t1.kakaocdn.net/thumb/T800x0.q80/?fname=http%3A%2F%2Ft1.daumcdn.net%2Fplace%2F55119BDB90BC4CBBB978F7A2728B42E2',"매운탕,해물탕",해물탕 (중) 해물찜 (중) 가오리찜 (중) 왕새우찜 (중) 아구찜 (중) 꽃게찜 (중) 두류무침회
268,매일 11:30 ~ 21:30,해피치즈스마일,https://place.map.kakao.com/1045992640,3.225806451612903,2.7096774193548385,'//t1.kakaocdn.net/thumb/T800x0.q80/?fname=http%3A%2F%2Ft1.daumcdn.net%2Flocalfiy%2F9E1BBE1755C549218DCF35B98D777145',분식,떡볶이 튀김우동 삼덕 오니기리 돈가스 플레이트 새우튀김(4EA)
241,"월요일                                                                                    ",원조아삼겹 본점,https://place.map.kakao.com/20347686,3.7058823529411766,2.7058823529411766,'//t1.kakaocdn.net/thumb/T800x0.q80/?fname=http%3A%2F%2Ft1.daumcdn.net%2Fplace%2F1F99816F1EA243AF873E9EEABDDF2BEE',삼겹살,아삼겹 (200g) 돌판볶음밥 원조라면 된장찌개
1,매일 11:00 ~ 21:00,도마29,https://place.map.kakao.com/91896634,4.093220338983051,2.7033898305084745,'//t1.kakaocdn.net/thumb/T800x0.q80/?fname=http%3A%2F%2Ft1.daumcdn.net%2Fplace%2F85034E9F2BC24B4C92C1F36597F9FDF6',일식집,모듬초밥 연어초밥 연어+광어초밥 사케동 연어샐러드
57,월~토 11:30 ~ 20:00,대쿠이 본점,https://place.map.kakao.com/1955141468,4.571428571428571,2.7032967032967035,'//t1.kakaocdn.net/thumb/T800x0.q80/?fname=http%3A%2F%2Ft1.daumcdn.net%2Flocalfiy%2F3CC49515EDDC44478841CC9CC6F6529E',"돈까스,우동",쿠이모듬카츠
260,"월요일                                                                                    ",티제이버거,https://place.map.kakao.com/47157649,4.833333333333333,2.7,'//t1.kakaocdn.net/thumb/T800x0.q80/?fname=http%3A%2F%2Ft1.daumcdn.net%2Fplace%2F1732D69E1BAF4C9C853B95144DA858F7',햄버거,티제이 버거 머쉬룸 버거 추천더블 패티 버거 더블치즈버거 추천아보카도 버거 잔뜩 넣은 버거
149,매일 11:00 ~ 23:00,오늘잡은소 북대구1호점,https://place.map.kakao.com/22045800,3.5,2.7,'//t1.kakaocdn.net/thumb/T800x0.q80/?fname=http%3A%2F%2Ft1.daumcdn.net%2Fcfile%2F1211D53D4F54467F27',"육류,고기",한우불고기 한식뷔페 냉면 돌판된장찌개 (3~4인분) 한우사골곰탕 한우가마솥국밥 육회비빔밥 육물회 (200g) 생고기 (200g) 삼겹살 목살 항정살 가브리살 갈매기살 대패삼겹살 갈비 등갈비 앞다리살 사태살 등심 안심
155,매일 11:30 ~ 23:00,산호횟집 진천점,https://place.map.kakao.com/21582361,3.6923076923076925,2.6923076923076925,'//t1.kakaocdn.net/thumb/T800x0.q80/?fname=http%3A%2F%2Ft1.daumcdn.net%2Fplace%2FF421BD87EB8D45909E38DD3ACADEAA27',회,농어 (소) 참돔 (소) 감성돔 (소) 도다리 (소) 새우구이 (12마리)
159,매일 11:00 ~ 21:00,갓파스시 대구점,https://place.map.kakao.com/21553593,2.4615384615384617,2.6923076923076925,'//t1.kakaocdn.net/thumb/T800x0.q80/?fname=http%3A%2F%2Ft1.daumcdn.net%2Fplace%2F2F1A678959024F0687C69B9EDFAFD835',"초밥,롤",구운로제새우 초밥 광어 초밥 가자미 초밥 구운보리멸명란 초밥 게맛살 초밥
72,매일 11:30 ~ 24:00,내안에,https://place.map.kakao.com/8227919,3.970149253731343,2.6865671641791047,'//t1.kakaocdn.net/thumb/T800x0.q80/?fname=http%3A%2F%2Ft1.daumcdn.net%2Fplace%2FD567987491A449AE9A3624749AE24791',"초밥,롤",알라스카 롤 생연어 대게살 롤 도다리 대하 왕새우 삼겹살통후추 초밥 고추장불고기 초밥
105,매일 11:30 ~ 22:00,온기정,https://place.map.kakao.com/401116450,2.1818181818181817,2.6818181818181817,'//t1.kakaocdn.net/thumb/T800x0.q80/?fname=http%3A%2F%2Ft1.daumcdn.net%2Flocalfiy%2FCF7D4425CEA14BF7B50CB9C1904D43C5',일식,매운 스끼야끼 우동 붓카게 냉 우동 멘타이코 스파게티 생연어 모리아와세 카이센동
25,매일 16:00 ~ 24:00,미진삼겹살,https://place.map.kakao.com/759367750,4.285714285714286,2.6785714285714284,'//t1.kakaocdn.net/thumb/T800x0.q80/?fname=http%3A%2F%2Ft1.daumcdn.net%2Fcfile%2F153A5A494F61A19209',삼겹살,미진모듬(중) 미진모듬(대) 삼겹 한 판 (480g) 목살 한 판 (480g) 항정 한 판 (440g) 껍데기 한 판(480g)
115,매일 12:00 ~ 21:00,곤지곤지 본점,https://place.map.kakao.com/25041050,3.323529411764706,2.676470588235294,'//t1.kakaocdn.net/thumb/T800x0.q80/?fname=http%3A%2F%2Ft1.daumcdn.net%2Fplace%2FB8E405720B994E87A524390D86101421',한식,강된장자연보리밥 영양돌솥밥 곤드레돌솥밥 순두부정식 (1인) 청국장정식 (1인) 생오리불고기정식 (1인) 황토오리진흙구이 (예약메뉴)
55,매일 11:00 ~ 21:00,현풍닭칼국수 현풍본점,https://place.map.kakao.com/15757455,4.108108108108108,2.675675675675676,'//t1.kakaocdn.net/thumb/T800x0.q80/?fname=http%3A%2F%2Ft1.daumcdn.net%2Fplace%2F89BED6F2270F4A90BBDF983EC0B6A5EC',한식,수육세트 닭칼국수 삼계칼국수 김치볶음왕만두 갈비고기만두 한방수육
263,매일 11:00 ~ 21:00,낭만놀이,https://place.map.kakao.com/328733530,4.428571428571429,2.6666666666666665,'//t1.kakaocdn.net/thumb/T800x0.q80/?fname=http%3A%2F%2Ft1.daumcdn.net%2Fplace%2FA8FAAF787FBD46C1960BB0C9C7CB660E',카페,페퍼로니 피자 리코타 치즈 샐러드 로제 치즈 떡볶이 감바스 오일 파스타 킹타이거 새우 로제 파스타
142,월~토 11:00 ~ 21:00,장여사의나뭇잎손만두 본점,https://place.map.kakao.com/12006975,3.111111111111111,2.6666666666666665,'//t1.kakaocdn.net/thumb/T800x0.q80/?fname=http%3A%2F%2Ft1.daumcdn.net%2Flocalfiy%2FF9C92CC76CC5481BB3B3EAD42F5D5A51',분식,매운오뎅 군만두 콩나물어묵 잎새만두
225,매일 18:00 ~ 04:00,마요네즈,https://place.map.kakao.com/1744914308,3.5555555555555554,2.6666666666666665,'//t1.kakaocdn.net/thumb/T800x0.q80/?fname=http%3A%2F%2Ft1.daumcdn.net%2Fplace%2F1FC1343DC31941C9A189595D2352813C',일본식주점,대창전골 호르몬야끼소바 튤립가라아게 나폴리탄파스타 호르몬동
127,매일 17:00 ~ 24:00,참조은생고기육회,https://place.map.kakao.com/16545260,2.8666666666666667,2.6666666666666665,'//t1.kakaocdn.net/thumb/T800x0.q80/?fname=http%3A%2F%2Ft1.kakaocdn.net%2Fmystore%2FF18B0D8D7B5441158A123F8CB6F35F0B',"육류,고기",생고기 (소) 탕탕육회 (중) 육회 (소) 육전 소고리짜글이
82,매일 11:00 ~ 22:00,현짬뽕,https://place.map.kakao.com/26629013,3.0833333333333335,2.6666666666666665,'//t1.kakaocdn.net/thumb/T800x0.q80/?fname=http%3A%2F%2Ft1.daumcdn.net%2Fplace%2F548A2A53D8A549F6A2A5E99CCB220B0D',중국요리,짜장면 현짬뽕 차돌짬뽕 허니찹쌀탕슉 (1인분) 해물짬뽕전골 통문어짬뽕 고추짬뽕 해물짬뽕
291,매일 11:00 ~ 24:00,돈모닝,https://place.map.kakao.com/17329352,3.6666666666666665,2.6666666666666665,'//t1.kakaocdn.net/thumb/T800x0.q80/?fname=http%3A%2F%2Ft1.daumcdn.net%2Fplace%2FC74E61BC24F84FF2A56384A952F15205',"육류,고기",흑돼지 오겹살 (120g) 갈매기살 (100g) 생삼겹살 (120g) 완도명품전복 (4마리) 한우갈비살 (100g)
285,매일 10:00 ~ 22:00,이로운한우,https://place.map.kakao.com/15988956,5.0,2.6666666666666665,'//t1.kakaocdn.net/thumb/T800x0.q80/?fname=http%3A%2F%2Ft1.daumcdn.net%2Fplace%2F0505E848C18A474ABF1D8C986C2A33FB',"육류,고기",한우 육회 (중) 한우불고기 (1인분) 한우갈비탕 육회냉면 불고기 뚝배기
181,월~토 11:00 ~ 15:00,오복반점,https://place.map.kakao.com/25673014,4.166666666666667,2.6666666666666665,'//t1.kakaocdn.net/thumb/T800x0.q80/?fname=http%3A%2F%2Ft1.daumcdn.net%2Fplace%2FB506BDE3B13144EBBBDBEB5CDCE7CD7C',중국요리,짜장면 짬뽕 짬뽕밥 탕수육 (미니) 유산슬 (소)
129,매일 09:00 ~ 23:30,카펠라,https://place.map.kakao.com/1142267195,3.2,2.6666666666666665,'//t1.kakaocdn.net/thumb/T800x0.q80/?fname=http%3A%2F%2Ft1.daumcdn.net%2Fplace%2F064C87EF599740289C377C94F97DD32D',카페,카페라떼 (디카페인)아메리카노 수제바닐라라떼 아이스크림라떼 딸기리떼(보틀) 밀크티(보틀) 발로나초코우유(보틀) 수제바닐라빈우유(보틀) 크로플 시나몬크로플 앙버터크로플
8,매일 11:00 ~ 22:30,조조칼국수,https://place.map.kakao.com/1305530650,3.5483870967741935,2.661290322580645,'//t1.kakaocdn.net/thumb/T800x0.q80/?fname=http%3A%2F%2Ft1.kakaocdn.net%2Ffiy_reboot%2Fplace%2FBD0F07088A0F4E94B9471C4AA33568A6',칼국수,동죽칼국수 물총 낙지해물파전
125,"월,화,수,목,금,일 08:00 ~ 22:00",영생덕,https://place.map.kakao.com/9252005,2.727272727272727,2.659090909090909,'//t1.kakaocdn.net/thumb/T800x0.q80/?fname=http%3A%2F%2Ft1.daumcdn.net%2Fplace%2F00A8DBA1BA5142B0B4A375B28937392A',중국요리,삼선짬뽕 삼선우동 삼선간짜장 삼선볶음밥 라조밥 라조면 새우볶음밥 야끼우동 잡탕밥 유산슬밥 쟁반짜장 유니짜장 사천짜장 (특) 잡채밥 볶음밥 짜장면 간짜장 우동 짬뽕 전가복
20,매일 17:00 ~ 01:00,걸리버막창,https://place.map.kakao.com/15963316,4.318181818181818,2.659090909090909,'//t1.kakaocdn.net/thumb/T800x0.q80/?fname=http%3A%2F%2Ft1.daumcdn.net%2Fcfile%2F207150474F6065C906',"곱창,막창",막창 (140g) 생삼겹 (140g) 생목살 (140g) 생가브리살 (140g)
36,매일 10:00 ~ 22:00,낙영찜갈비 본점,https://place.map.kakao.com/8249354,2.8142857142857145,2.657142857142857,'//t1.kakaocdn.net/thumb/T800x0.q80/?fname=http%3A%2F%2Ft1.kakaocdn.net%2Ffiy_reboot%2Fplace%2F5132E816C82440CDA81FDD49BB6ED28D',갈비,쇠고기찌개 갈비찜 갈비살찌게
188,매일 11:30 ~ 22:00,살맛나는집,https://place.map.kakao.com/8406325,3.4827586206896552,2.6551724137931036,'//t1.kakaocdn.net/thumb/T800x0.q80/?fname=http%3A%2F%2Ft1.daumcdn.net%2Fplace%2F3A7940CD08F8493D81A903654A506060',갈비,등심 갈비살 생갈비살 토시살 안창살 꽃등심 꽃등심 새우살 미소밥상 행복밥상 좋은밥상 살맛나는밥상 친절밥상
133,매일 12:00 ~ 21:00,큐산,https://place.map.kakao.com/540393693,4.086956521739131,2.652173913043478,'//t1.kakaocdn.net/thumb/T800x0.q80/?fname=http%3A%2F%2Ft1.daumcdn.net%2Fplace%2F230A553E7D884530BD9A105C31C67F92',일본식라면,돈코츠라멘 매운 돈코츠라멘 바질라멘 마제멘 차슈덮밥
40,월~토 09:00 ~ 15:00(재료 소진시 마감),진흥반점,https://place.map.kakao.com/11512812,3.5789473684210527,2.6491228070175437,'//t1.kakaocdn.net/thumb/T800x0.q80/?fname=http%3A%2F%2Ft1.daumcdn.net%2Fplace%2FD21B7419C38F4D549FE304D28CB5DCD1',중국요리,짬뽕 짬뽕밥 볶음밥 짜장면
280,"월요일                                                                                    ",대동면옥,https://place.map.kakao.com/7817852,3.176470588235294,2.6470588235294117,'//t1.kakaocdn.net/thumb/T800x0.q80/?fname=http%3A%2F%2Ft1.daumcdn.net%2Fplace%2FFBDEF5E105E74D1EB58B78418B346B15',냉면,평양식 물냉면 함흥식 물냉면 함흥식 비빔냉면 한우갈비탕 한우수육
42,"월요일                                                                                    ",태산만두 본점,https://place.map.kakao.com/930928466,3.9846153846153847,2.646153846153846,'//t1.kakaocdn.net/thumb/T800x0.q80/?fname=http%3A%2F%2Ft1.daumcdn.net%2Fcfile%2F21694640510244AD30',분식,군만두 고기왕만두 찐교스 해물라면 떡라면
4,매일 10:00 ~ 23:00,룰리커피,https://place.map.kakao.com/2055461926,3.9583333333333335,2.6458333333333335,'//t1.kakaocdn.net/thumb/T800x0.q80/?fname=http%3A%2F%2Ft1.daumcdn.net%2Flocalfiy%2F2FF5373291F24FADBE3264058B8901BF',카페,밀크커피 아이스크림커피 아이스크림 치즈 케이크 에디오피아 빌로야 G1 브라질 그란자 송프란시스코PN
103,"월요일                                                                                    ",팔공은가비,https://place.map.kakao.com/27148583,4.642857142857143,2.642857142857143,'//t1.kakaocdn.net/thumb/T800x0.q80/?fname=http%3A%2F%2Ft1.daumcdn.net%2Fplace%2FB361A365AB8640D5A883688D0A9C8EFB',한식,능이 한방 백숙 한방 토종 백숙 토종닭볶음탕 오리 불고기(반마리) 칼국수
135,매일 08:00 ~ 22:00,아눅베이커스,https://place.map.kakao.com/1371713003,3.6875,2.625,'//t1.kakaocdn.net/thumb/T800x0.q80/?fname=http%3A%2F%2Ft1.daumcdn.net%2Fcfile%2F1278AC0D4BCFB12314',디저트카페,BELT 크루와상 샌드위치 햄치즈 크루와상 샌드위치 부라타치즈 샐러드 Single Origin Black Single Origin White
63,매일 11:00 ~ 19:30,인문공학 동대구,https://place.map.kakao.com/1364982987,4.05,2.625,'//t1.kakaocdn.net/thumb/T800x0.q80/?fname=http%3A%2F%2Ft1.daumcdn.net%2Fplace%2F240DE4AC4DB94BFAB29305AA16F7DFFC',카페,베이직 아메리카노 카페라떼 추천크림 브륄레 나가사키 카스테라 바스크 치즈 케익
154,매일 11:00 ~ 21:00,칠곡식당,https://place.map.kakao.com/21224333,2.5,2.625,'//t1.kakaocdn.net/thumb/T800x0.q80/?fname=http%3A%2F%2Ft1.kakaocdn.net%2Fmystore%2FC218C5B3118D4B3BB7DAD1530378D18A',한식,돼지고기두루치기 (2인이상) 정식 참치찌개 된장찌개 김치찌개 오징어두루치기 (2인이상)
209,월~토 11:30 ~ 21:00,초가식당,https://place.map.kakao.com/10838945,3.4583333333333335,2.625,'//t1.kakaocdn.net/thumb/T800x0.q80/?fname=http%3A%2F%2Ft1.daumcdn.net%2Fplace%2FBC02E1C57EE6431493FFFD9E13A3BE4E',한식,돼지볶음 (대) 돼지볶음 (중) 돼지볶음 (소) 오징어볶음 (대) 오징어볶음 (중) 오징어볶음 (소) 낙지볶음 (대) 낙지볶음 (중) 낙지볶음 (소) 된장찌개 김치찌개 참치찌개 순두부 계란탕 청국장 오뎅탕 라면김치밥
45,매일 11:30 ~ 22:00,빌리웍스,https://place.map.kakao.com/863278658,3.8823529411764706,2.6176470588235294,'//t1.kakaocdn.net/thumb/T800x0.q80/?fname=http%3A%2F%2Ft1.daumcdn.net%2Fplace%2F4F45099694BA4DE3A0A5DEE0DF6E7C2A',커피전문점,아메리카노 카페라떼 바닐라라떼 카푸치노 밀크티
255,매일 10:00 ~ 02:00,안지곱창,https://place.map.kakao.com/11109454,3.5555555555555554,2.611111111111111,'//t1.kakaocdn.net/thumb/T800x0.q80/?fname=http%3A%2F%2Ft1.daumcdn.net%2Flocalfiy%2FF28A93F4A83C401DB398E7362437FB68',"곱창,막창",모듬스페셜 (대) 모듬스페셜 (중) 모듬스페셜 (소) 김치찌개 곱창한바가지 (500g) 막창 (150g) 삼겹살 (150g) 염통구이 (300g)
163,월~토 10:00 ~ 21:00,우니카트,https://place.map.kakao.com/26437692,3.7777777777777777,2.611111111111111,'//t1.kakaocdn.net/thumb/T800x0.q80/?fname=http%3A%2F%2Ft1.kakaocdn.net%2Ffiy_reboot%2Fplace%2F0E0D1AD3306B4FE5B533BF616FB98E07',디저트카페,아메리카노 카페라떼 녹차 밀크티 레몬에이드 초코스무디 플레인 요거트 키위 생과일주스 버섯 샌드위치
269,매일 17:00 ~ 02:30,제일숯불막창 본점,https://place.map.kakao.com/8580160,4.4,2.6,'//t1.kakaocdn.net/thumb/T800x0.q80/?fname=http%3A%2F%2Ft1.kakaocdn.net%2Ffiy_reboot%2Fplace%2F382B53D958144E098F9775A007AFA457',"곱창,막창",돼지막창 (150g) 소막창 (150g) 목살 (150g) 매운뼈없는닭발 (200g) 매운아나고 (1인분) 매운곰장어 (1인분)
5,매일 11:30 ~ 20:00,동아식당,https://place.map.kakao.com/1933999479,3.272727272727273,2.5974025974025974,'//t1.kakaocdn.net/thumb/T800x0.q80/?fname=http%3A%2F%2Ft1.daumcdn.net%2Fplace%2F9D9ED61D8D7546FABE8197D62FF735BC',한식,고등어소면 된장 비빔면 김치 볶음밥 계란 김밥
62,월~토 08:00 ~ 20:00,롤러커피,https://place.map.kakao.com/1496525260,4.5,2.5961538461538463,'//t1.kakaocdn.net/thumb/T800x0.q80/?fname=http%3A%2F%2Ft1.daumcdn.net%2Fcfile%2F1638F33D4F61462003',카페,에스프레소 아메리카노 latte
198,월~금 12:00 ~ 23:00,삼삼구이초밥,https://place.map.kakao.com/25049902,4.136363636363637,2.590909090909091,'//t1.kakaocdn.net/thumb/T800x0.q80/?fname=http%3A%2F%2Ft1.daumcdn.net%2Fplace%2F5267F2FF7D6D4F478672466D7527DA01',"초밥,롤",생선초밥&우동 활어초밥&우동 모듬초밥&우동 회덮밥 물회밥 장어초밥 장어덮밥
19,매일 11:30 ~ 21:30,테라스스시뷔페,https://place.map.kakao.com/1107259879,3.0588235294117645,2.588235294117647,'//t1.kakaocdn.net/thumb/T800x0.q80/?fname=http%3A%2F%2Ft1.daumcdn.net%2Fcfile%2F114D4B424F6C0C632C',해산물뷔페,"평일 런치 (대인) 평일 디너 (대인) 주말,공휴일 (대인)"
171,매일 11:00 ~ 20:30,공심옥,https://place.map.kakao.com/1407663692,4.411764705882353,2.588235294117647,'//t1.kakaocdn.net/thumb/T800x0.q80/?fname=http%3A%2F%2Ft1.daumcdn.net%2Fplace%2F5738DA472E554DC19E272CD6B831B2E4',냉면,물냉면 물비빔냉면 회비빔냉면 소고기비빔냉면 공심특냉면
251,매일 11:00 ~ 23:00,인스퍼레이션디 동촌유원지점,https://place.map.kakao.com/1031225796,3.2941176470588234,2.588235294117647,'//t1.kakaocdn.net/thumb/T800x0.q80/?fname=http%3A%2F%2Ft1.kakaocdn.net%2Ffiy_reboot%2Fplace%2FBC028CD35EB34BC98D5E97E34B0ABFDA',디저트카페,아메리카노 통블랙 아쌈밀크티 피칸파이 레몬파운드
164,매일 11:00 ~ 22:00,착한낙지 대구두류점,https://place.map.kakao.com/25045546,2.9166666666666665,2.5833333333333335,'//t1.kakaocdn.net/thumb/T800x0.q80/?fname=http%3A%2F%2Ft1.daumcdn.net%2Fplace%2F0EB96FC69FAE410E8211C7E3F9929692',"해물,생선",낙지(볶음)덮밥 연포탕 (중) 낙지전골 (중) 새우튀김 낙지해물파전 (중) 수제돈까스 산낙지
46,매일 11:00 ~ 23:00,고령촌돼지찌개 앞산본점,https://place.map.kakao.com/17506409,4.2631578947368425,2.5789473684210527,'//t1.kakaocdn.net/thumb/T800x0.q80/?fname=http%3A%2F%2Ft1.kakaocdn.net%2Fmystore%2FB9B932851A384BFB8BCB73E3112B05F0',"찌개,전골","촌돼지찌개 (1인분) 고추장불고기 (2인기준) 암돼지삼겹살,목살 (1인분) 돼지갈비찜 땡초부추전"
193,매일 11:00 ~ 23:30,포크팬 복현점,https://place.map.kakao.com/651046126,4.631578947368421,2.5789473684210527,'//t1.kakaocdn.net/thumb/T800x0.q80/?fname=http%3A%2F%2Ft1.daumcdn.net%2Fplace%2FE28DF009CF144BA899AC7ABFC44D7E74',"육류,고기","런치 대인 (디너, 주말, 공휴일) 초등학생 4~9세 4세 미만"
189,매일 11:30 ~ 22:00,앙뜨레누보,https://place.map.kakao.com/18502134,3.6315789473684212,2.5789473684210527,'//t1.kakaocdn.net/thumb/T800x0.q80/?fname=http%3A%2F%2Ft1.daumcdn.net%2Flocalfiy%2Fsearchregister_115505870',"스테이크,립",Dinner Special Full Course Dinner Pasta Course
195,매일 09:00 ~ 21:00,군위식당,https://place.map.kakao.com/10137426,4.085106382978723,2.574468085106383,'//t1.kakaocdn.net/thumb/T800x0.q80/?fname=http%3A%2F%2Ft1.daumcdn.net%2Fplace%2FDBDE5BAAB09849279B2F5B3869FB06E1',국밥,암뽕 따로국밥 돼지고기수육(대) 돼지고기수육(중) 돼지고기수육(소) 순대국밥 내장국밥 돼지국밥 육국수 육라면 고기밥
281,매일 11:30 ~ 21:00,아웃백스테이크하우스 대구황금점,https://place.map.kakao.com/7984207,3.7142857142857144,2.5714285714285716,'//t1.kakaocdn.net/thumb/T800x0.q80/?fname=http%3A%2F%2Ft1.daumcdn.net%2Fplace%2F0F3A71D00C504DD3BBBB6B481D8C950B',아웃백스테이크하우스,홈파티 4인세트 2 짐붐바 스테이크 3인세트 갈릭립아이 스테이크 2인세트 카카두 김치 그릴러 2인세트 투움바 파스타 오지치즈후라이즈(미듐)
15,매일 11:00 ~ 21:30,전원돈까스,https://place.map.kakao.com/10091825,3.641304347826087,2.5652173913043477,'//t1.kakaocdn.net/thumb/T800x0.q80/?fname=http%3A%2F%2Ft1.daumcdn.net%2Fcfile%2F142A66474F5FFEB10B',"돈까스,우동",돈까스 돈까스곱배기 (1인분) 함박스텍 치즈돈까스 비후까스 생선까스
101,"월요일                                                                                    ",레이지모닝 동대구점,https://place.map.kakao.com/778902613,4.6521739130434785,2.5652173913043477,'//t1.kakaocdn.net/thumb/T800x0.q80/?fname=http%3A%2F%2Ft1.daumcdn.net%2Flocalfiy%2FDEE6BA15B5614EE683FE491B2BCAA883',디저트카페,아메리카노 카페라떼 자몽에이드 (ICE) 자몽차 (HOT) 마르코폴로
100,매일 13:00 ~ 01:30,형제수산,https://place.map.kakao.com/27504420,4.0,2.5625,'//t1.kakaocdn.net/thumb/T800x0.q80/?fname=http%3A%2F%2Ft1.daumcdn.net%2Fplace%2F508161C3E60E4445A16F1A518F68804D',회,"자연산 참가자미 모듬(1인) 도다리세꼬시,대방어(1인) 줄가자미(1인)"
148,월~토 11:30 ~ 21:00,여원찜갈비,https://place.map.kakao.com/1922232972,4.2,2.56,'//t1.kakaocdn.net/thumb/T800x0.q80/?fname=http%3A%2F%2Ft1.daumcdn.net%2Fplace%2F17A1D0C09E4945DC80C12D668C473CFA',갈비,통삼겹살구이(150g) 동인동 돼지 찜갈비(200g) 동인동 소 찜갈비(200g) 동인동 소갈비찌개(중) 콩국수
13,"월,수,목,금,토,일 10:00 ~ 01:30",세연전통콩국 본점,https://place.map.kakao.com/14515978,3.24,2.56,'//t1.kakaocdn.net/thumb/T800x0.q80/?fname=http%3A%2F%2Ft1.daumcdn.net%2Fcfile%2F190EDA374F56F8BA1C',한식,콩국 잔치국수 토스트 비빔국수 돈까스 칼국수 떡갈비정식
123,매일 10:00 ~ 22:00,에이엠 칠곡점,https://place.map.kakao.com/1920271747,4.444444444444445,2.5555555555555554,'//t1.kakaocdn.net/thumb/T800x0.q80/?fname=http%3A%2F%2Ft1.kakaocdn.net%2Ffiy_reboot%2Fplace%2F1BB1290D51554BFA94837C56667082B6',양식,
259,매일 10:00 ~ 01:00,팔공산맥,https://place.map.kakao.com/9558088,3.4444444444444446,2.5555555555555554,'//t1.kakaocdn.net/thumb/T800x0.q80/?fname=http%3A%2F%2Ft1.daumcdn.net%2Flocalfiy%2FD0F212B8CC9D4DF69AA0C06B41AFF988',"육류,고기",특제눈꽃생갈비 (100g) 안창살 (100g) 한우양념갈비 (1인분) 한우등심 (100g) 알밥
7,매일 16:00 ~ 24:00,왕거미식당,https://place.map.kakao.com/21227823,3.0634920634920637,2.5555555555555554,'//t1.kakaocdn.net/thumb/T800x0.q80/?fname=http%3A%2F%2Ft1.daumcdn.net%2Fplace%2F53BD36FBFC554E8DB484B414B7798B18',"육류,고기",양지머리 생고기 육회 오드래기 대창 혓바닥 등골
160,매일 06:00 ~ 23:00,의성무침회 본점,https://place.map.kakao.com/11180271,4.444444444444445,2.5555555555555554,'//t1.kakaocdn.net/thumb/T800x0.q80/?fname=http%3A%2F%2Ft1.daumcdn.net%2Fplace%2F344A2B255FCA460880BC3FE568B40804',회,세트1(대) 세트2(소)+만두+물뽕+못난이1 무침회(소) 미주구리회 가오리회
206,월~금 11:30 ~ 21:00,옹심이칼국수,https://place.map.kakao.com/11892209,3.2222222222222223,2.5555555555555554,'//t1.kakaocdn.net/thumb/T800x0.q80/?fname=http%3A%2F%2Ft1.daumcdn.net%2Flocalfiy%2F8229CE88CBBB4FA8860E8394404374C3',칼국수,옹심이칼국수 감자전 감자송편 메밀만두 수육 막국수 감자만두
64,매일 10:00 ~ 22:00,커피맛을조금아는남자 본점,https://place.map.kakao.com/19713278,4.394736842105263,2.5526315789473686,'//t1.kakaocdn.net/thumb/T800x0.q80/?fname=http%3A%2F%2Ft1.daumcdn.net%2Fplace%2F8205C64AF3D346FBA21D0F3C2FBC38D4',커피전문점,로마노 카페오레 크림모카 이탈리안 카푸치노 에티오피아 GI 에스프레소 케냐
87,매일 11:30 ~ 21:00,오스테리아밀즈,https://place.map.kakao.com/1314598350,3.5510204081632653,2.5510204081632653,'//t1.kakaocdn.net/thumb/T800x0.q80/?fname=http%3A%2F%2Ft1.daumcdn.net%2Fcfile%2F19022E5050A5F5B426',이탈리안,카프레제 콜드 카팰리니 트러플 크림 카사레체 토마토 라구 딸리아뗄레 제노베제 딸리아뗄레 한치먹물 리조또
73,매일 11:00 ~ 23:00,샌디레이크,https://place.map.kakao.com/1342312767,3.0,2.55,'//t1.kakaocdn.net/thumb/T800x0.q80/?fname=http%3A%2F%2Ft1.daumcdn.net%2Fcfile%2F1869554E4F750E8507',커피전문점,카페라떼 (ICE) 바닐라라떼 (ICE) 자몽 티 레몬티 샹그리아
158,매일 11:00 ~ 22:00,호어모아,https://place.map.kakao.com/127437544,4.7,2.55,'//t1.kakaocdn.net/thumb/T800x0.q80/?fname=http%3A%2F%2Ft1.daumcdn.net%2Fplace%2FA5D384591B03451AA11BE1BB1318071C',양식,버터 갈릭 쉬림프 핫 칠리 쉬림프 하와이안 갈비 로코모코 스테이크 텐더로인 스테이크 버섯 베이컨 크림 봉골레 오일 해산물 로제 감베리 제노 베제 페스카토레 오일 리코타 샐러드 쉬림프 샐러드 후렌치후라이 마늘 바게트
12,매일 16:30 ~ 24:00,구공탄막창 2호점,https://place.map.kakao.com/12483743,4.071428571428571,2.5476190476190474,'//t1.kakaocdn.net/thumb/T800x0.q80/?fname=http%3A%2F%2Ft1.kakaocdn.net%2Ffiy_reboot%2Fplace%2FB163FA7C1EC04841AB6AC34F53EA16BF',"곱창,막창","돼지막창 생삼겹살 생목살 새우버터구이 (1인분) 버섯된장찌개 소주, 맥주"
286,월~토 11:00 ~ 24:00,석경,https://place.map.kakao.com/17150172,4.066666666666666,2.533333333333333,'//t1.kakaocdn.net/thumb/T800x0.q80/?fname=http%3A%2F%2Ft1.daumcdn.net%2Fplace%2FD81CDAF1700A4E338C167082F8981CE8',갈비,갈비살 (100g) 마늘생갈비 (100g) 양념생갈비 (100g) 소고기 갈비찜
179,매일 12:00 ~ 20:30,이자와 동성로점,https://place.map.kakao.com/1361552476,3.6623376623376624,2.5324675324675323,'//t1.kakaocdn.net/thumb/T800x0.q80/?fname=http%3A%2F%2Ft1.daumcdn.net%2Fplace%2FB4CD7EE857F441DCB12B6E1E2F98E8B3',일식,규카츠 정식 바질라멘 냉모밀 정식 (M) 스테키동 정식 마제소바
184,매일 09:00 ~ 01:00(브런치 9:00~17:00/ 레스토랑 11:00~22:00/ 와인 17:00~1:00),스펠바운드레스토랑,https://place.map.kakao.com/1762205929,2.2941176470588234,2.5294117647058822,'//t1.kakaocdn.net/thumb/T800x0.q80/?fname=http%3A%2F%2Ft1.daumcdn.net%2Fcfile%2F21142A3B581AF84236',이탈리안,알리오 올리오 게살 오이스터 뉴욕 스테이크 (2인) 스펠바운드 샐러드 리코타 치즈 샐러드
6,"월,수,금,일 07:30 ~ 23:00",제일콩국,https://place.map.kakao.com/12508529,3.6226415094339623,2.5283018867924527,'//t1.kakaocdn.net/thumb/T800x0.q80/?fname=http%3A%2F%2Ft1.kakaocdn.net%2Ffiy_reboot%2Fplace%2F1D6029CCB7B44E53902BA7500E12A479',국수,토스트 잔치국수 비빔국수 냉콩국수 돈까스 콩국 찹쌀콩국
282,월~금 11:30 ~ 20:00,산중식당,https://place.map.kakao.com/10438754,2.263157894736842,2.526315789473684,'//t1.kakaocdn.net/thumb/T800x0.q80/?fname=http%3A%2F%2Ft1.daumcdn.net%2Fplace%2F9A07DD2AFCDE4D57AB882E61A46CA5D4',한식,추천사랑담다 (1인기준) 추천불 주꾸미볶음 한접시
92,매일 10:30 ~ 20:00,달고떡볶이,https://place.map.kakao.com/14587992,4.15,2.525,'//t1.kakaocdn.net/thumb/T800x0.q80/?fname=http%3A%2F%2Ft1.kakaocdn.net%2Fmystore%2F419DF9D6C66D4B13A40ED717789B66BC',떡볶이,순대 (1인분) 달떡 (1인분) 떡만 (1인분) 양념만두 (1인분) 흰만두 (6개) 찐계란 (2알) 콜라 사이다
99,매일 11:30 ~ 21:00,곤지곤지 팔공산점,https://place.map.kakao.com/700362952,2.857142857142857,2.5238095238095237,'//t1.kakaocdn.net/thumb/T800x0.q80/?fname=http%3A%2F%2Ft1.daumcdn.net%2Flocalad_thumb%2Ft%2F72b2199bc5ad571f1382e47bf772404942247bf8',한식,강된장보리밥 영양돌솥밥 곤드레돌솥밥 청국장정식 순두부정식
186,매일 11:00 ~ 22:00,면장수 수성본점,https://place.map.kakao.com/1994350963,4.565217391304348,2.5217391304347827,'//t1.kakaocdn.net/thumb/T800x0.q80/?fname=http%3A%2F%2Ft1.daumcdn.net%2Fplace%2F12548892C77643B686EED40338D16496',국수,장수칼국수 들깨칼국수 얼큰이칼국수 잔치국수 햅쌀떡국 산채비빔밥 돌솥비빔밥 뚝배기불고기 해물부추전 야채손두부 한방삼겹보쌈(18p) 음료수 주류 동동주 한되 동동주 반되
80,매일 11:00 ~ 21:00,유이쯔,https://place.map.kakao.com/1559699679,4.027397260273973,2.5205479452054793,'//t1.kakaocdn.net/thumb/T800x0.q80/?fname=http%3A%2F%2Ft1.daumcdn.net%2Fcfile%2F13476B3A4F6007882F',일식,덕산텐동 에비텐동 텐동 장어텐동 양배추 샐러드
173,"월,화요일                                                                                    ",하이타이,https://place.map.kakao.com/25450852,4.423076923076923,2.5128205128205128,'//t1.kakaocdn.net/thumb/T800x0.q80/?fname=http%3A%2F%2Ft1.daumcdn.net%2Fplace%2FE8580F797ADD4018A2877AE97E23E076',태국음식,쏨땀 팟풍화이뎅 꿍팟퐁커리와 밥 콤보 팟타이 똠양꿍 야채춘권 (6개)
56,매일 11:00 ~ 22:00,샤브20 수성못점,https://place.map.kakao.com/1612790862,3.7777777777777777,2.5,'//t1.kakaocdn.net/thumb/T800x0.q80/?fname=http%3A%2F%2Ft1.kakaocdn.net%2Ffiy_reboot%2Fplace%2F9150C53923AB4A9F94F48531A410E9BE',샤브샤브,평일런치 (80분) 평일디너 (100분) 주말/공휴일 (100분) 초등학생 미취학아동
197,매일 12:00 ~ 21:30,뉴욕바닷가재 대구본점,https://place.map.kakao.com/1093216934,3.5714285714285716,2.5,'//t1.kakaocdn.net/thumb/T800x0.q80/?fname=http%3A%2F%2Ft1.daumcdn.net%2Fplace%2FEF338023D1FF4DA5BED307896427597D',바닷가재,
2,매일 11:30 ~ 21:00,리안,https://place.map.kakao.com/7863898,4.007352941176471,2.5,'//t1.kakaocdn.net/thumb/T800x0.q80/?fname=http%3A%2F%2Ft1.daumcdn.net%2Fcfile%2F202E864B4F606AFA1A',중국요리,짜장면 만두 짬뽕 짬뽕밥 볶음밥 볶음짜장면 야끼우동 짬뽕국물 스페샬짜장 스페샬야끼 탕수육 (대) 탕수육 (소)
252,매일 11:00 ~ 24:00,정원한우갈비 본점,https://place.map.kakao.com/22360705,4.083333333333333,2.5,'//t1.kakaocdn.net/thumb/T800x0.q80/?fname=http%3A%2F%2Ft1.daumcdn.net%2Fplace%2F5161FFF6A98D465BB733612E3DB1CBD3',갈비,한우갈비살(100g) 한우마늘갈비(130g) 한우투뿔등심(100g) 한우국밥 새싹비빔밥
131,매일 11:30 ~ 22:00,1997빠리바닷가재,https://place.map.kakao.com/1838966975,3.875,2.5,'//t1.kakaocdn.net/thumb/T800x0.q80/?fname=http%3A%2F%2Ft1.daumcdn.net%2Fplace%2F9A2DC01E5DBB435790993DED06169076',바닷가재,바닷가재구이 A 바닷가재구이 B 바닷가재구이 C 바닷가재 회/구이 1.5kg 바닷가재 회/구이 1.8kg
257,"월요일                                                                                    ",레이지모닝 상인점,https://place.map.kakao.com/1369208937,4.5,2.5,'//t1.kakaocdn.net/thumb/T800x0.q80/?fname=http%3A%2F%2Ft1.daumcdn.net%2Fplace%2F323CB408A7F742DBA6071D530C1BB6F3',디저트카페,아메리카노 카페라떼 바닐라라떼 모르겐타우 자몽차 (ICE)
176,매일 11:30 ~ 08:00,마코토,https://place.map.kakao.com/140108348,3.7,2.5,'//t1.kakaocdn.net/thumb/T800x0.q80/?fname=http%3A%2F%2Ft1.daumcdn.net%2Fplace%2FBE208BD5565146FE826A2C75E6543641',일본식라면,츠케멘 매운 츠케멘 수제 야끼교자 오니기리
161,매일 11:00 ~ 23:00,싱싱해싱싱어,https://place.map.kakao.com/13597192,3.375,2.5,'//t1.kakaocdn.net/thumb/T800x0.q80/?fname=http%3A%2F%2Ft1.daumcdn.net%2Fplace%2F9193A26A1E584D799FEAE0DE2E743930',회,회정식 (1인분) 초밥정식 (1인분) 물회 (1인분) 회덮밥 (1인분) 모듬회 (1인분)
220,매일 11:00 ~ 22:00,성당못 빌,https://place.map.kakao.com/954700891,4.037037037037037,2.4814814814814814,'//t1.kakaocdn.net/thumb/T800x0.q80/?fname=http%3A%2F%2Ft1.daumcdn.net%2Fplace%2F8CB892CBFF614F52816F917D17D9A0C0',카페,아메리카노 카페라떼 애플시나몬밀크티 청포도에이드 매실차
24,매일 11:00 ~ 23:00,조조칼국수 앞산본점,https://place.map.kakao.com/167701452,3.5,2.4791666666666665,'//t1.kakaocdn.net/thumb/T800x0.q80/?fname=http%3A%2F%2Ft1.daumcdn.net%2Fplace%2F2E729AE06437467CAEE72CC598805D98',칼국수,칼국수 물총 낙지파전
238,매일 09:00 ~ 22:00,미도다방,https://place.map.kakao.com/7873915,4.6521739130434785,2.4782608695652173,'//t1.kakaocdn.net/thumb/T800x0.q80/?fname=http%3A%2F%2Ft1.kakaocdn.net%2Fmystore%2F5A984E21C34A4E62A7F89CD20B75D97F',다방,쌍화차 강황꿀차 약차 유자차 인삼차
88,월~토 11:30 ~ 22:00,김해통닭,https://place.map.kakao.com/2130253219,4.795454545454546,2.477272727272727,'//t1.kakaocdn.net/thumb/T800x0.q80/?fname=http%3A%2F%2Ft1.daumcdn.net%2Fplace%2F0B7175C7BF7C4EB9A3AFB3A79BA362B9',닭요리,양념통닭 간장통닭 후라이드 닭똥집 (소) 제사닭
51,"월요일                                                                                    ",사파키친,https://place.map.kakao.com/52864306,4.0,2.473684210526316,'//t1.kakaocdn.net/thumb/T800x0.q80/?fname=http%3A%2F%2Ft1.daumcdn.net%2Fplace%2F7BE9F81C6AB0429FB73944DA59FE1EDE',베트남음식,쌀국수 팟타이 (새우) 분짜 나시고랭 쉬림프라이스 칠리치킨
39,"월,수,목,금,토,일 11:30 ~ 22:00",조밀,https://place.map.kakao.com/1803387162,3.268292682926829,2.4634146341463414,'//t1.kakaocdn.net/thumb/T800x0.q80/?fname=http%3A%2F%2Ft1.daumcdn.net%2Fplace%2F0FBCAA54260B4A60AB42C9E579B21C62',양식,마늘쫑 오일파스타 마늘 퓨레 파스타 토마토 치킨 오브파스타 새우 바질리조또 트러플 스테이크리조또
66,매일 11:30 ~ 22:00,뜨삽 수성점,https://place.map.kakao.com/24422379,4.083333333333333,2.4583333333333335,'//t1.kakaocdn.net/thumb/T800x0.q80/?fname=http%3A%2F%2Ft1.daumcdn.net%2Fcfile%2F19226A37500E8DF926',피자,뜨삽 그라지아봉 뜨삽 프레스카 뜨삽 빠에야 로제감베리 카프리쵸사 까르보나라 디아볼라 감베리크레마 감베리피칸테 만조알리오올리오 마르게리따 추천콰트로포르마지 루꼴라베지 하우스 샐러드 카프레제 샐러드 그릴치킨 샐러드 텐더치킨 샐러드 트리플 치즈 샐러드 부라타 치즈 샐러드 하와이언 감베리 루꼴라 후레쉬 루꼴라 풍기 루꼴라 프로슈토 비앙코파나티코 감베리파나티코 가쵸프레스카 감베리알리오올리오 리조 깔라마리 리조크레마 만조리조꼬또 풍기크레마리조또 베이컨라이스with누디쥬스 뜨삽 크림등심스테이크 찹 스테이크 뜨삽 안심스테이크 뜨삽 등심스테이크 치아바타 호밀빵 부라타 치즈 크림스프 뜨거운 치킨텐더 뜨거운 감자튀김 자몽에이드 레몬에이드 청포도에이드 스트로베리에이드 스트로베리 라떼 망고크랜베리에이드 런치세트 A (2~3인) 런치세트 B (2~3인) 런치세트 C (4~5인) 후레쉬부라티나
284,매일 11:30 ~ 23:30,한상바다 다사점,https://place.map.kakao.com/27433005,2.5454545454545454,2.4545454545454546,'//t1.kakaocdn.net/thumb/T800x0.q80/?fname=http%3A%2F%2Ft1.daumcdn.net%2Fplace%2F9EA27303C3FC4206926AD1E2F08701A8',회,해물모듬 모듬회 (소) 광어 (소) 우럭 (소) 낙지
211,매일 12:00 ~ 09:00,성주막창 대명점,https://place.map.kakao.com/20243639,3.9545454545454546,2.4545454545454546,'//t1.kakaocdn.net/thumb/T800x0.q80/?fname=http%3A%2F%2Ft1.daumcdn.net%2Fplace%2F5D663169616C4B8CBEFA0CC47A0EF58D',"곱창,막창",생막창 (130g) 양념막창 (150g) 태양초막창 (150g) 생삼겹살 (150g) 돼지생목살 (150g)
217,월~금 08:00 ~ 20:00,넌테이블,https://place.map.kakao.com/715674526,4.0625,2.4375,'//t1.kakaocdn.net/thumb/T800x0.q80/?fname=http%3A%2F%2Ft1.kakaocdn.net%2Ffiy_reboot%2Fplace%2F59458DD3DB6B4B118C202239174DE85D',커피전문점,COFFEE LATTE VANILLA DRIP 스몰라떼
65,매일 11:00 ~ 20:30,부산안면옥,https://place.map.kakao.com/10466328,3.71875,2.4375,'//t1.kakaocdn.net/thumb/T800x0.q80/?fname=http%3A%2F%2Ft1.daumcdn.net%2Fplace%2FA10321588B684ED7B8211B8CAD7EBA8C',냉면,냉면 함흥냉면 갈비탕 만두백반 만두국 제육 수육 쟁반 불고기 밥
273,매일 11:00 ~ 21:30,가람,https://place.map.kakao.com/2139155660,3.652173913043478,2.4347826086956523,'//t1.kakaocdn.net/thumb/T800x0.q80/?fname=http%3A%2F%2Ft1.daumcdn.net%2Fplace%2FF47CF50FE7804DD9BBFDDB3FD5F7D98D',중국요리,짜장면 고기짬뽕 잡채밥 찹쌀탕수육(1인분) 사천탕수육(소)
134,월~토 11:00 ~ 01:00,풀하우스,https://place.map.kakao.com/16231181,4.0,2.4285714285714284,'//t1.kakaocdn.net/thumb/T800x0.q80/?fname=http%3A%2F%2Ft1.daumcdn.net%2Flocalfiy%2F905A5E0655C242E087C9D7CB2CE03D4B',이탈리안,추천돈까스 추천함박스테이크 새우로제파스타 안심오믈렛 봉골레오일파스타 까르보나라 베이컨새우필라프 미트볼토마토파스타 목살 스테이크 찹 스테이크
52,매일 11:00 ~ 22:30,슬로우터틀 동성로점,https://place.map.kakao.com/479341273,3.8947368421052633,2.4210526315789473,'//t1.kakaocdn.net/thumb/T800x0.q80/?fname=http%3A%2F%2Ft1.daumcdn.net%2Fplace%2F943EED914797458AA446E23BCA5916A9',디저트카페,생 딸기 케이크 생 딸기 초코 케이크 딸기 레드 벨벳 케이크 치즈케이크 얼그레이 케이크
230,"월,수,목,금,토,일 12:00 ~ 22:30",빈플러스 테이스팅스푼,https://place.map.kakao.com/26600275,4.791666666666667,2.4166666666666665,'//t1.kakaocdn.net/thumb/T800x0.q80/?fname=http%3A%2F%2Ft1.daumcdn.net%2Fplace%2F8B385B0C45524ED1B2AB2E5F05C9D570',양식,라자냐 스테이크 버섯 리조또 새우 리조또 블루베리 피자 엔쵸비 파스타
58,매일 11:00 ~ 24:00,명동돼지한마리,https://place.map.kakao.com/8328167,4.208333333333333,2.4166666666666665,'//t1.kakaocdn.net/thumb/T800x0.q80/?fname=http%3A%2F%2Ft1.daumcdn.net%2Fplace%2FC930780E032D49BEAC5E95FE6A82C55A',갈비,돼지갈비 (200g) 갈비찜 물냉면 비빔냉면 비빔소면 잔치국수 김치찌개 (대) 김치찌개 (소) 통갈비수육
14,"월,화,수,목,금,일 11:00 ~ 20:00",유창반점 본점,https://place.map.kakao.com/27403072,2.525252525252525,2.414141414141414,'//t1.kakaocdn.net/thumb/T800x0.q80/?fname=http%3A%2F%2Ft1.daumcdn.net%2Flocalad_thumb%2Ft%2F8c69e80c49558ca3d795db17633086217f63dece',중국요리,짜장면 탕수육(소) 짜장밥 짬뽕 짬뽕밥
202,"월,화,수,목,일 12:00 ~ 24:00",로니스도우,https://place.map.kakao.com/2095297748,3.7241379310344827,2.413793103448276,'//t1.kakaocdn.net/thumb/T800x0.q80/?fname=http%3A%2F%2Ft1.daumcdn.net%2Flocalfiy%2FB12DE7C6F9CC4224B7366B6F5D060F7C',피자,치즈피자 (R) 페퍼로니피자 (R) 하와이안피자 (R) 핫치킨피자 (R) 야채피자 (R)
147,매일 11:00 ~ 21:30,밥을짓다,https://place.map.kakao.com/363005341,3.8823529411764706,2.411764705882353,'//t1.kakaocdn.net/thumb/T800x0.q80/?fname=http%3A%2F%2Ft1.daumcdn.net%2Fplace%2F0F12C6BB6EAD44BCBB22E5DA84613AAA',한정식,봄 (1인) 여름 (1인) 겨울 (1인) 활전복 & 새우 버터구이 활전복죽
151,매일 11:00 ~ 20:50,뜨돈 본점,https://place.map.kakao.com/454492641,3.5294117647058822,2.411764705882353,'//t1.kakaocdn.net/thumb/T800x0.q80/?fname=http%3A%2F%2Ft1.daumcdn.net%2Fplace%2FF1D9BD7A0B2E4FC1B86E22CC051F4833',"돈까스,우동",홀그레인 샐러드 돈가스 뜨돈 돈가스 뜨돈 치킨가스 뜨돈 치즈가스 뜨돈 제육 볶음 우동 베이컨 크림 스파게티 쉬림프 크림 파스타 쉬림프 토마토 파스타 쉬림프 로제 파스타 쉬림프 알리오올리오 파스타 스페셜로제떡볶이 뜨돈 떡배기 가스 찹 스테이크 흑임자 샐러드 파스타 뜨돈 데리야끼 해산물 우동 김치 뜨동 세트 제육덮밥 해산물 볶음밥 김치 베이컨 볶음밥 베이컨 불고기 볶음밥
213,매일 10:30 ~ 22:00,유타로 대구동성로점,https://place.map.kakao.com/13063340,2.6323529411764706,2.411764705882353,'//t1.kakaocdn.net/thumb/T800x0.q80/?fname=http%3A%2F%2Ft1.daumcdn.net%2Fplace%2FDEF3C529236B42E8BCBE02380FA11F54',일본식라면,시로 (하카타) 시로 (교토) 쿠로 아카 탄탄면
146,매일 12:00 ~ 22:00,아눅,https://place.map.kakao.com/1702287445,3.3529411764705883,2.411764705882353,'//t1.kakaocdn.net/thumb/T800x0.q80/?fname=http%3A%2F%2Ft1.daumcdn.net%2Fplace%2F81493529B7674A81971ACB0BBB0539AF',커피전문점,아메리카노 라떼 바닐라라떼 얼그레이 바나나쥬스
130,매일 10:00 ~ 22:00,소담뜰,https://place.map.kakao.com/8438897,1.8666666666666667,2.4,'//t1.kakaocdn.net/thumb/T800x0.q80/?fname=http%3A%2F%2Ft1.daumcdn.net%2Flocalfiy%2Fsearchregister_161137971',한정식,전복구이 6마리 소고기 너비아니 장어구이 간장 소갈비찜 양념 소갈비찜
237,매일 12:00 ~ 21:00,낫배드,https://place.map.kakao.com/1393090644,3.5652173913043477,2.391304347826087,'//t1.kakaocdn.net/thumb/T800x0.q80/?fname=http%3A%2F%2Ft1.daumcdn.net%2Fcfile%2F1833B6494F6EC71033',양식,뇨끼 차슈 크림 파스타 Spicy 삼겹살 파스타 양념막창 파스타 게장 리조또 돌솥 고추장 리조또
97,매일 11:00 ~ 21:00(20:30까지 입장 가능),다담뜰한식뷔페 수성본점,https://place.map.kakao.com/25768907,3.838709677419355,2.3870967741935485,'//t1.kakaocdn.net/thumb/T800x0.q80/?fname=http%3A%2F%2Ft1.daumcdn.net%2Fplace%2FADFCBF97CB234109B18022F6050099E5',한식뷔페,성인 초등 미취학
53,매일 11:30 ~ 21:30,국일생갈비,https://place.map.kakao.com/8823374,4.206896551724138,2.3793103448275863,'//t1.kakaocdn.net/thumb/T800x0.q80/?fname=http%3A%2F%2Ft1.daumcdn.net%2Fplace%2F32D4E9D464B246F28191CE01F28F4EF1',갈비,추천한우 특생갈비 한우 안창살 추천한우 생갈비 한우 양념갈비 한우 불고기 한우 육개장 한우 갈비뼈탕
124,매일 11:30 ~ 21:30,더포 본점,https://place.map.kakao.com/18923357,4.310344827586207,2.3793103448275863,'//t1.kakaocdn.net/thumb/T800x0.q80/?fname=http%3A%2F%2Ft1.daumcdn.net%2Flocalfiy%2F5748A8F46153499AA48991ABA5FF8E34',베트남음식,
108,매일 12:00 ~ 22:00,버들식당 본점,https://place.map.kakao.com/7885718,2.3125,2.375,'//t1.kakaocdn.net/thumb/T800x0.q80/?fname=http%3A%2F%2Ft1.daumcdn.net%2Flocalad_thumb%2Ft%2Ff3cacf7744efef70c1369d4c30370fb20d669d64',"곱창,막창",환상의 맛 전골 (1인분) 모듬 양념구이 (600g) 한우 불고기 전골 (1인분)
22,"월,화,목,금,토,일 12:00 ~ 21:00",루시드,https://place.map.kakao.com/10348734,4.237288135593221,2.3728813559322033,'//t1.kakaocdn.net/thumb/T800x0.q80/?fname=http%3A%2F%2Ft1.daumcdn.net%2Flocalfiy%2FF1351085FE4241CA86F4FE5408EBC8A8',카페,아메리카노 카페라떼 카모마일 망고판나코타&코코넛소르베 선라이즈팝핑 핑크코코넛
139,매일 13:00 ~ 21:30,동성로스위트앤드카페,https://place.map.kakao.com/27147921,4.315789473684211,2.3684210526315788,'//t1.kakaocdn.net/thumb/T800x0.q80/?fname=http%3A%2F%2Ft1.daumcdn.net%2Fplace%2F2B41EBE974A9410ABFAC932820C9BEC7',디저트카페,추천무민팬케이크 교토당고 큐브파이 페스트리와플 딸기라떼 추천짜장면 스탈 옛날빙수 짬뽕빙수 게이샤 커피
292,월~금 11:00 ~ 21:00,뉴욕통닭,https://place.map.kakao.com/8861783,3.6333333333333333,2.3666666666666667,'//t1.kakaocdn.net/thumb/T800x0.q80/?fname=http%3A%2F%2Ft1.daumcdn.net%2Fplace%2F07536B576F6846409E7E5356839AF990',치킨,찜닭 양념치킨 양반&후반 후라이드치킨 제사닭
33,매일 09:00 ~ 01:00,우즈베이커리카페 수성호수점,https://place.map.kakao.com/681312636,3.3,2.3666666666666667,'//t1.kakaocdn.net/thumb/T800x0.q80/?fname=http%3A%2F%2Ft1.daumcdn.net%2Flocalfiy%2F403F126D4FC546EDBDB3AF484D9F8212',디저트카페,아메리카노 카페라떼 카푸치노 카페모카 바닐라 라떼
83,월~토 11:30 ~ 20:00,대동반점,https://place.map.kakao.com/26413392,3.6363636363636362,2.3636363636363638,'//t1.kakaocdn.net/thumb/T800x0.q80/?fname=http%3A%2F%2Ft1.daumcdn.net%2Fplace%2FD8E0428097BA4A418C6988956A284DC8',중국요리,짬뽕전문 짜장면 짬뽕밥 꾼만두
9,매일 17:00 ~ 24:00,구공탄막창 형님본점,https://place.map.kakao.com/13133002,3.0952380952380953,2.357142857142857,'//t1.kakaocdn.net/thumb/T800x0.q80/?fname=http%3A%2F%2Ft1.kakaocdn.net%2Ffiy_reboot%2Fplace%2FB922BBE771D64103954EFC87CF9B1352',"곱창,막창",
175,월~토 11:00 ~ 21:00,서영 홍합밥 본점,https://place.map.kakao.com/8360855,4.529411764705882,2.3529411764705883,'//t1.kakaocdn.net/thumb/T800x0.q80/?fname=http%3A%2F%2Ft1.daumcdn.net%2Fplace%2F7BF4E1936A48428D9B765AC5430A9929',한식,홍합밥 녹두전 칼국수 수육 (대) 수육 (중) 수육 (소)
214,매일 10:00 ~ 22:00,대구축산농협 축산물프라자 동대구IC점,https://place.map.kakao.com/404282688,3.8333333333333335,2.3333333333333335,'//t1.kakaocdn.net/thumb/T800x0.q80/?fname=http%3A%2F%2Ft1.daumcdn.net%2Fplace%2F49DCC821C75E4BC4BC168BC959AEAF6A',"육류,고기",상강한우탕 (1인분) 가마솥한우국밥 (1인분) 불고기전골 (소) 불고기전골 (중) 육회 (200g)
235,매일 11:30 ~ 24:00,네쥬,https://place.map.kakao.com/1731632328,4.777777777777778,2.3333333333333335,'//t1.kakaocdn.net/thumb/T800x0.q80/?fname=http%3A%2F%2Ft1.daumcdn.net%2Fplace%2F1595707FCC214714A80E1EFCED423F91',카페,꿀떡 비엔나 인절미라떼 아메리카노 에그타르트 1p
236,월~토 11:00 ~ 19:00,옛집식당,https://place.map.kakao.com/15652589,4.277777777777778,2.3333333333333335,'//t1.kakaocdn.net/thumb/T800x0.q80/?fname=http%3A%2F%2Ft1.daumcdn.net%2Fplace%2F127A66032EF04351AF81A5592C65DB7F',한식,육개장
0,매일 11:30 ~ 21:20,바르미스시뷔페 두산점,https://place.map.kakao.com/21337085,3.0517241379310347,2.3275862068965516,'//t1.kakaocdn.net/thumb/T800x0.q80/?fname=http%3A%2F%2Ft1.daumcdn.net%2Fplace%2F0E62F4485EC8476BA422BAB4DE82A799',"초밥,롤","평일런치 (유아) 평일디너 (유아) 주말.공휴일 (유아) 평일런치 (대인) 평일런치 (초등) 평일디너 (대인) 평일디너 (초등) 주말.공휴일 (대인) 주말, 공휴일 (초등)"
16,"월,화,수,목,일 11:30 ~ 01:00",우야지막창 동대구역점,https://place.map.kakao.com/1942730766,4.292307692307692,2.3230769230769233,'//t1.kakaocdn.net/thumb/T800x0.q80/?fname=http%3A%2F%2Ft1.daumcdn.net%2Fplace%2FAA6ED733F37045DE9FBA237D7FB6CB76',"곱창,막창",우야지막창 (150g) 양념막창 (150g) 벌집껍데기 (150g) 꼼장어 (130g) 삼겹살 (150g) 불닭발 (130g)
18,매일 11:00 ~ 22:00,푸른회식당,https://place.map.kakao.com/21315532,4.2272727272727275,2.3181818181818183,'//t1.kakaocdn.net/thumb/T800x0.q80/?fname=http%3A%2F%2Ft1.daumcdn.net%2Fplace%2F8F5F4F420525466AAAC4866AB481BE47',회,가오리찜(대) 아구찜(대) 오징어 무침회 (중) 오징어 무침회 (대) 가오리 무침회 미주구리 무침회 납작만두
84,월~토 11:30 ~ 21:00,미림,https://place.map.kakao.com/8306596,2.9166666666666665,2.3055555555555554,'//t1.kakaocdn.net/thumb/T800x0.q80/?fname=http%3A%2F%2Ft1.kakaocdn.net%2Ffiy_reboot%2Fplace%2FF25348610A5F464BBA109391190FA8C7',"돈까스,우동",돈까스(보통) 돈까스(곱빼기) 모밀국수(여름메뉴) 생선까스 어묵우동 냄비우동
212,매일 11:30 ~ 22:00,팬아시아 수성못점,https://place.map.kakao.com/1105040960,4.222222222222222,2.2962962962962963,'//t1.kakaocdn.net/thumb/T800x0.q80/?fname=http%3A%2F%2Ft1.daumcdn.net%2Flocalfiy%2FF12FF8FC001248C4A5B4AC2722DAC168',퓨전요리,분짜플레이트 알로하 플레이트 톰얌꿍 (소) 반반크랩 마라누들
231,매일 17:00 ~ 24:00,앞산옛날통닭,https://place.map.kakao.com/27081645,2.857142857142857,2.2857142857142856,'//t1.kakaocdn.net/thumb/T800x0.q80/?fname=http%3A%2F%2Ft1.kakaocdn.net%2Ffiy_reboot%2Fplace%2FE6D99C888D2945BF8E7B977D513AFAD9',치킨,닭떡볶이 항아리냉면 옛날통닭 (두마리) 옛날통닭 (한마리) 똥집튀김 매운똥집볶음 감자튀김
267,매일 17:00 ~ 06:00,온달포장 삼덕본점,https://place.map.kakao.com/12029604,3.4285714285714284,2.2857142857142856,'//t1.kakaocdn.net/thumb/T800x0.q80/?fname=http%3A%2F%2Ft1.daumcdn.net%2Fplace%2F495183ADC42144BD88F528821A730CCB',실내포장마차,국물닭발 (1인분) 닭똥집 (200g) 곰장어 (200g) 무뼈닭발 (200g) 닭다리살 (200g)
54,"월,화,수,목,일 15:00 ~ 24:00",방천가족족발,https://place.map.kakao.com/20954976,3.4285714285714284,2.2857142857142856,'//t1.kakaocdn.net/thumb/T800x0.q80/?fname=http%3A%2F%2Ft1.daumcdn.net%2Fplace%2F11DF3683A8654379B00C095BC738EE39',"족발,보쌈",웰빙 장아찌 가족 냉채 가족 홍채 커플가족&쟁반국수 2인가족&쟁반국수 3인가족&쟁반국수 대가족&쟁반국수 커플가족&장아찌 2인가족&장아찌 3인가족&장아찌 대가족&장아찌 가족 불족발 2인 가족 족발 3인 가족 족발 대가족 족발 가족 쟁반국수
70,매일 11:30 ~ 23:30,울진참가자미회 수성점,https://place.map.kakao.com/17819326,2.8181818181818183,2.272727272727273,'//t1.kakaocdn.net/thumb/T800x0.q80/?fname=http%3A%2F%2Ft1.daumcdn.net%2Fplace%2F48FDEE9EAB524BCEA4FAA850845E81F2',회,도다리회 울진스페샬 (소) 대방어 (1인분) 광어 (1인분) 고추장 비빔물회 회덮밥 비빔물회
182,매일 12:00 ~ 22:00,굿또스시,https://place.map.kakao.com/968961150,4.521739130434782,2.260869565217391,'//t1.kakaocdn.net/thumb/T800x0.q80/?fname=http%3A%2F%2Ft1.daumcdn.net%2Flocalfiy%2F6E1C066A5A0A46458A7B13ED97BECA17',"초밥,롤",우니쿠라베 (4pcs) 오마카세 런치 오마카세 디너
67,매일 11:00 ~ 22:00,만복이쭈꾸미낙지볶음 동대구점,https://place.map.kakao.com/761878188,4.130434782608695,2.260869565217391,'//t1.kakaocdn.net/thumb/T800x0.q80/?fname=http%3A%2F%2Ft1.daumcdn.net%2Fplace%2F4EA0E07B2D12494DBE8FB82087AF361F',"해물,생선",쭈꾸미볶음 낙지볶음 쭈꾸미철판 (중) 낙지철판 (중) 왕새우튀김 (4마리)
162,월~금 09:30 ~ 20:00,카페담,https://place.map.kakao.com/612497939,4.4375,2.25,'//t1.kakaocdn.net/thumb/T800x0.q80/?fname=http%3A%2F%2Ft1.daumcdn.net%2Fplace%2FE6C4637F44EF4B188714E88086D2F8D6',카페,추천아이스 아메리카노 아이스 카페라떼 추천초리조 무청 파스타 카페라떼
170,매일 11:00 ~ 23:00,디어밸리,https://place.map.kakao.com/2078884460,3.0625,2.25,'//t1.kakaocdn.net/thumb/T800x0.q80/?fname=http%3A%2F%2Ft1.kakaocdn.net%2Ffiy_reboot%2Fplace%2F491F44492ED6470B83C3F72575FBEB09',디저트카페,크루아상 크림크러핀 에그타르트 아메리카노 카페라떼
140,매일 12:00 ~ 22:00,엘아이티,https://place.map.kakao.com/1891961888,3.3333333333333335,2.238095238095238,'//t1.kakaocdn.net/thumb/T800x0.q80/?fname=http%3A%2F%2Ft1.daumcdn.net%2Fplace%2F25EB28851B7A4CB1920AB2B465692D1C',테마카페,안평라떼 자스몽 주스 아메리카노 카페라떼 누텔라 아인슈페너(only ice)
243,월~금 17:00 ~ 24:00,대도양조장,https://place.map.kakao.com/2115401172,3.4705882352941178,2.235294117647059,'//t1.kakaocdn.net/thumb/T800x0.q80/?fname=http%3A%2F%2Ft1.daumcdn.net%2Fplace%2F0EAB1234B3964472AF73F48B4C26AC51',"호프,요리주점",부차살 찹 스테이크 감 바스 갈릭치킨 클래식 치즈피자 루꼴라 피자
136,매일 10:00 ~ 22:00,울릉도,https://place.map.kakao.com/19335003,3.230769230769231,2.230769230769231,'//t1.kakaocdn.net/thumb/T800x0.q80/?fname=http%3A%2F%2Ft1.daumcdn.net%2Fplace%2FA328F1CDF30B45509E2AB4EA543FA9C6',"매운탕,해물탕",울릉도 해물탕 (소) 가리비해물탕 (소) 전복해물탕 (소)
137,매일 11:30 ~ 21:00,꽃피는화덕피자D485 대구수성못점,https://place.map.kakao.com/1702460652,3.625,2.2083333333333335,'//t1.kakaocdn.net/thumb/T800x0.q80/?fname=http%3A%2F%2Ft1.daumcdn.net%2Fplace%2F2932F0EE72F442789B29B99E1DF1B9AF',피자,마르게리따 콘 부팔라 레지나 감베리 풍기 & 고르곤졸라 꽈뜨로 포르마지 콘 부팔라 샐러드&깡조네 루꼴라 샐러드
224,매일 11:30 ~ 22:00(재료 소진 시 조기마감),기리,https://place.map.kakao.com/410303486,2.65,2.2,'//t1.kakaocdn.net/thumb/T800x0.q80/?fname=http%3A%2F%2Ft1.daumcdn.net%2Flocalfiy%2Fsearchregister_1489516201',"돈까스,우동",일본식 탄탄멘 요다레치킨 기리 시오 라멘 기리 미소 라멘 네기 니쿠 우동
35,매일 10:00 ~ 22:00,맨션5,https://place.map.kakao.com/124048759,3.5142857142857142,2.2,'//t1.kakaocdn.net/thumb/T800x0.q80/?fname=http%3A%2F%2Ft1.daumcdn.net%2Fplace%2FB59ACBEF03C542688227CECE07A5339F',디저트카페,아메리카노 카페라떼 로얄밀크티 얼그레이 맨션5브런치
180,"월요일                                                                                    ",기와집,https://place.map.kakao.com/8211273,4.294117647058823,2.176470588235294,'//t1.kakaocdn.net/thumb/T800x0.q80/?fname=http%3A%2F%2Ft1.daumcdn.net%2Flocalfiy%2FC2A90212E7F7485B8D37F6D579CE0C0F',"족발,보쌈",튀김족발 기와집보쌈 (대) 기와집보쌈 (중) 기와집보쌈 (소) 냉막국수 비빔막국수 칼국수
248,매일 11:00 ~ 22:00,쿠우쿠우 대구서구점,https://place.map.kakao.com/1407079286,4.5,2.1666666666666665,'//t1.kakaocdn.net/thumb/T800x0.q80/?fname=http%3A%2F%2Ft1.kakaocdn.net%2Ffiy_reboot%2Fplace%2FC7983AF521964F6FB6E7A2D9BC4E967E',"초밥,롤",평일런치 평일디너 주말 및 공휴일 초등학생 평일 초등학생 주말 미취학생
190,매일 11:00 ~ 22:00,레이지모닝 칠곡점,https://place.map.kakao.com/2035606776,4.416666666666667,2.1666666666666665,'//t1.kakaocdn.net/thumb/T800x0.q80/?fname=http%3A%2F%2Ft1.daumcdn.net%2Fplace%2F1256A699EF8A429D803B7A6A08ADD817',디저트카페,아메리카노 카페라떼 모르겐타우 자몽차 (HOT) 자몽에이드 (ICE)
178,월~금 16:00 ~ 24:00,양곱화,https://place.map.kakao.com/378432407,4.04,2.16,'//t1.kakaocdn.net/thumb/T800x0.q80/?fname=http%3A%2F%2Ft1.daumcdn.net%2Fplace%2F88E15AC3B0E44CC7B744E5D1672F39F5',"곱창,막창",한우특우설 특양 한우곱창 한우대창 홍창
117,매일 11:00 ~ 21:30,감나무집,https://place.map.kakao.com/26615457,2.4615384615384617,2.1538461538461537,'//t1.kakaocdn.net/thumb/T800x0.q80/?fname=http%3A%2F%2Ft1.daumcdn.net%2Fcfile%2F141B20494F66940208',삼계탕,옹추 두계탕 (삼계탕) 옹추 전복 두계탕 (삼계탕) 토종 닭백숙 버섯 토종 닭백숙 토종 옻닭백숙
118,매일 11:00 ~ 21:30,감나무집,https://place.map.kakao.com/26615457,2.4615384615384617,2.1538461538461537,'//t1.kakaocdn.net/thumb/T800x0.q80/?fname=http%3A%2F%2Ft1.daumcdn.net%2Fcfile%2F141B20494F66940208',닭요리,옻닭능이 한방백숙 (중) 유황오리 한방백숙 (대) 토종닭 볶음탕 (대) 해물파전 부추전 두부김치
34,"수요일                                                                                    ",단골식당,https://place.map.kakao.com/8835317,4.326923076923077,2.1538461538461537,'//t1.kakaocdn.net/thumb/T800x0.q80/?fname=http%3A%2F%2Ft1.daumcdn.net%2Fplace%2FCEA798F9E2C54393AE2D8ED25EC35F84',"불고기,두루치기",돼지불고기 (1인분) 고추장불고기 (1인분) 공기밥(별도 주문)
183,"월요일                                                                                    ",푸릴리 칠성점,https://place.map.kakao.com/1660482206,3.65,2.15,'//t1.kakaocdn.net/thumb/T800x0.q80/?fname=http%3A%2F%2Ft1.daumcdn.net%2Fplace%2FE9AE8046D0C04621B238DC5CA4E6C3DE',뷔페,14세 이상 8세-13세 4세-7세
283,매일 15:00 ~ 01:00,생고기송학구이,https://place.map.kakao.com/10555703,3.4444444444444446,2.111111111111111,'//t1.kakaocdn.net/thumb/T800x0.q80/?fname=http%3A%2F%2Ft1.daumcdn.net%2Fplace%2F44FB19151BCB4095B42846C020F1A01C',"육류,고기",생고기 (중) 육회 (중) 반반 (중) 대창 (중) 양지머리 (중)
81,매일 11:30 ~ 21:30,연경반점,https://place.map.kakao.com/8000958,3.4642857142857144,2.107142857142857,'//t1.kakaocdn.net/thumb/T800x0.q80/?fname=http%3A%2F%2Ft1.daumcdn.net%2Fcfile%2F164306354F61B6DB0E',중국요리,자장면 볶음밥 꾼만두 연경특냉채 연경통샥스핀 (1인분) 연경특제동파육 연경누룽지탕
200,매일 11:00 ~ 22:00,이화원,https://place.map.kakao.com/1062083916,3.3636363636363638,2.090909090909091,'//t1.kakaocdn.net/thumb/T800x0.q80/?fname=http%3A%2F%2Ft1.daumcdn.net%2Fplace%2F87388D8F505D451FA7AEEC29A8D0ADD0',중국요리,탕수육 깐풍기 칠리중새우 (소) 오향장육 짜장면
239,매일 10:30 ~ 23:00,브런치달랏,https://place.map.kakao.com/442996647,2.7333333333333334,2.066666666666667,'//t1.kakaocdn.net/thumb/T800x0.q80/?fname=http%3A%2F%2Ft1.kakaocdn.net%2Fmystore%2F32F0B69DB0F84BC9A4BF5C245C13ED42',디저트카페,아메리카노 카페라떼 얼그레이 리저브 썸머피치 플레인 요거트 스무디 (ICE)
71,월~토 11:00 ~ 20:00,정미네,https://place.map.kakao.com/16286575,3.625,2.03125,'//t1.kakaocdn.net/thumb/T800x0.q80/?fname=http%3A%2F%2Ft1.daumcdn.net%2Fcfile%2F2127D73A5678B4A509',한식,돼지불고기 (소) 닭불고기 (소) 미나리전 보리밥 수제비 감자전
256,매일 09:30 ~ 23:00,게이블루프커피 강정보점,https://place.map.kakao.com/599899495,4.166666666666667,2.0,'//t1.kakaocdn.net/thumb/T800x0.q80/?fname=http%3A%2F%2Ft1.daumcdn.net%2Fplace%2FC68C1FCFD4C04E2380376F70B2190FE4',커피전문점,아인슈페너
219,"월요일                                                                                    ",이가네더덕밥,https://place.map.kakao.com/15711350,3.6666666666666665,2.0,'//t1.kakaocdn.net/thumb/T800x0.q80/?fname=http%3A%2F%2Ft1.daumcdn.net%2Fplace%2FE73D46E980B549CABC35E073E2200D5D',한정식,진품세트 (2인이상) 더덕 구이 정식 더덕 불고기 정식 한우 돌판 구이 (120g) 한우 차돌 구이 (160g)
110,매일 09:00 ~ 23:00,빠다롤더테라스,https://place.map.kakao.com/648644645,3.9444444444444446,2.0,'//t1.kakaocdn.net/thumb/T800x0.q80/?fname=http%3A%2F%2Ft1.kakaocdn.net%2Fmystore%2F7573A22282494BC38C1CBDFAE2975375',카페,자몽에이드 자몽라떼 아메리카노 카페라떼 리얼초코라떼
265,매일 10:00 ~ 22:00,청담동,https://place.map.kakao.com/26586157,3.0,2.0,'//t1.kakaocdn.net/thumb/T800x0.q80/?fname=http%3A%2F%2Ft1.daumcdn.net%2Fplace%2F643C49DE1EFA4091AC99FA15BCC14BEC',한정식,향 음
132,매일 10:30 ~ 23:00,남도회집,https://place.map.kakao.com/21580803,4.0,2.0,'//t1.kakaocdn.net/thumb/T800x0.q80/?fname=http%3A%2F%2Ft1.kakaocdn.net%2Fmystore%2F139B8A40967242EABD96BFE0F842F4F3',회,무침회 생우럭매운탕 뼈매운탕 광어 우럭
194,매일 11:30 ~ 22:00,팔선생,https://place.map.kakao.com/1142504527,2.3333333333333335,2.0,'//t1.kakaocdn.net/thumb/T800x0.q80/?fname=http%3A%2F%2Ft1.daumcdn.net%2Fplace%2F626CE32E6D1A4603B2B99D519FCC97D0',중국요리,짜장면 짬뽕 간자장 짬뽕밥 삼선짜장 굴짬뽕 새우볶음밥
270,매일 10:30 ~ 21:30,신암태양칼국수 본점,https://place.map.kakao.com/16262101,3.1363636363636362,1.8636363636363635,'//t1.kakaocdn.net/thumb/T800x0.q80/?fname=http%3A%2F%2Ft1.daumcdn.net%2Fplace%2F612B0198427B40C29BC1910820037FF3',칼국수,태양 칼국수 만두 칼국수 얼큰이 칼국수 얼큰이 만두 칼국수 해물파전 돼지수육 태양떡국 만두떡국
96,매일 13:00 ~ 21:00,노스폴,https://place.map.kakao.com/1915762350,4.5,1.8333333333333333,'//t1.kakaocdn.net/thumb/T800x0.q80/?fname=http%3A%2F%2Ft1.daumcdn.net%2Fplace%2FFC546B74902E4B778388A51B4B7676FE',카페,메론소다 꿀딸기라떼
272,매일 11:00 ~ 21:00,다담뜰한식뷔페 달성점,https://place.map.kakao.com/349621277,4.555555555555555,1.5555555555555556,'//t1.kakaocdn.net/thumb/T800x0.q80/?fname=http%3A%2F%2Ft1.daumcdn.net%2Fcfile%2F1366253F4F75774428',한식뷔페,미취학 성인 초등